20.79;22.46
21.64;24.02
21.64;24.02
21.64;24.01
21.64;24.01
21.63;24.0
21.63;24.0
21.63;24.0
21.62;24.0
21.62;23.99
21.62;23.99
21.62;23.98
21.62;23.98
21.62;23.98
21.62;23.98
21.62;23.98
21.62;23.98
21.62;23.98
21.62;23.97
21.62;23.97
21.62;23.97
21.62;23.97
21.61;23.96
21.61;23.96
21.61;23.97
21.61;23.96
21.61;23.96
21.61;23.96
21.61;23.96
21.6;23.96
21.6;23.96
21.6;23.96
21.6;23.96
21.6;23.96
21.6;23.96
21.6;23.96
21.6;23.96
21.6;23.96
21.6;23.95
21.6;23.95
21.6;23.95
21.6;23.95
21.6;23.95
21.6;23.94
21.6;23.95
21.61;23.94
21.6;23.94
21.61;23.95
21.61;23.94
21.61;23.95
21.6;23.94
21.59;23.95
21.59;23.95
21.59;23.95
21.59;23.95
21.59;23.95
21.58;23.95
21.59;23.94
21.59;23.94
21.58;23.94
21.59;23.94
21.58;23.94
21.58;23.94
21.58;23.94
21.58;23.94
21.58;23.94
21.58;23.93
21.58;23.94
21.58;23.94
21.59;23.94
21.58;23.93
21.58;23.94
21.58;23.93
21.58;23.93
21.58;23.93
21.58;23.93
21.58;23.93
21.58;23.93
21.58;23.93
21.58;23.93
21.57;23.93
21.58;23.93
21.58;23.93
21.57;23.93
21.58;23.92
21.57;23.93
21.58;23.93
21.58;23.92
21.58;23.92
21.58;23.92
21.56;23.92
21.56;23.92
21.57;23.92
21.57;23.92
21.57;23.92
21.57;23.93
21.57;23.92
21.57;23.92
21.57;23.92
21.57;23.92
21.57;23.93
21.57;23.92
21.57;23.92
21.57;23.92
21.58;23.92
21.58;23.92
21.58;23.92
21.57;23.92
21.57;23.92
21.57;23.92
21.57;23.92
20.62;23.76
20.63;23.76
20.62;23.76
20.63;23.76
20.62;23.77
20.62;23.77
20.61;23.76
20.61;23.76
20.61;23.76
20.61;23.76
20.61;23.76
20.61;23.76
20.61;23.76
20.61;23.76
20.61;23.76
20.61;23.76
20.61;23.76
20.61;23.76
20.59;23.76
20.59;23.76
20.59;23.76
20.59;23.76
20.59;23.76
20.58;23.76
20.59;23.76
20.58;23.76
20.58;23.76
20.58;23.75
20.58;23.76
20.58;23.76
20.57;23.76
20.57;23.75
20.57;23.75
20.57;23.75
20.57;23.74
20.57;23.75
20.57;23.74
20.57;23.74
20.57;23.74
20.57;23.74
20.57;23.74
20.57;23.74
20.57;23.74
20.57;23.74
20.57;23.74
20.57;23.74
20.56;23.73
20.56;23.73
20.57;23.74
20.57;23.74
20.57;23.74
20.56;23.74
20.56;23.73
20.56;23.74
20.56;23.73
20.56;23.73
20.56;23.73
20.56;23.73
20.56;23.73
20.56;23.73
20.56;23.73
20.55;23.72
20.55;23.73
20.54;23.72
20.56;23.73
20.54;23.72
20.55;23.72
20.55;23.73
20.55;23.72
20.55;23.72
20.56;23.72
20.55;23.72
20.55;23.72
20.55;23.72
20.55;23.72
13.1;23.72
20.55;23.72
20.54;23.71
13.1;23.72
20.55;23.72
20.55;22.86
13.1;23.72
20.54;23.72
20.54;22.86
20.54;22.86
20.54;22.86
20.54;22.86
20.56;22.86
20.54;22.86
20.54;22.86
20.54;22.86
20.54;22.86
20.54;22.86
20.54;22.85
20.54;22.86
20.54;22.86
20.54;22.86
20.54;22.86
20.54;22.86
20.54;22.86
20.53;22.85
20.54;22.86
20.53;22.86
20.53;22.86
20.53;22.86
20.53;22.86
20.53;22.86
20.53;22.86
20.52;22.85
20.52;22.85
20.51;22.86
20.51;22.86
20.51;22.86
20.51;22.86
20.51;23.71
13.1;22.86
13.1;23.7
13.1;23.7
20.51;23.7
20.51;22.86
20.51;22.86
13.1;22.86
13.1;23.7
20.5;23.7
20.5;22.86
20.5;22.86
13.1;22.86
13.1;23.7
20.5;23.7
20.5;22.86
20.5;22.86
20.5;22.86
20.5;22.85
13.1;22.85
13.1;23.7
20.5;23.7
20.5;22.85
13.1;22.85
20.5;23.7
20.5;22.85
20.5;22.85
20.5;22.85
20.5;22.85
20.5;22.85
20.5;22.85
20.5;22.85
20.49;22.85
20.48;22.85
20.49;22.85
20.49;22.85
20.49;22.85
20.49;22.85
20.48;22.85
20.48;22.85
20.48;22.85
20.48;22.85
20.48;22.85
20.48;22.85
20.48;22.85
20.48;22.85
20.48;22.85
20.48;22.85
20.48;22.85
20.48;22.84
20.48;22.84
20.48;22.84
20.48;22.84
20.48;22.84
20.48;22.84
20.48;22.84
20.48;22.84
20.48;22.84
20.48;22.84
20.48;22.84
20.46;22.84
20.46;22.84
20.46;22.84
20.45;22.84
20.46;22.84
20.45;22.84
20.45;22.84
20.45;22.83
20.44;13.1
20.45;22.83
20.45;22.84
20.45;22.83
20.44;13.1
20.44;13.1
20.44;13.1
20.44;13.1
20.44;13.1
20.44;13.1
20.44;13.1
20.44;13.1
20.44;13.1
20.44;13.1
20.43;13.1
20.43;13.1
20.44;13.1
20.43;13.1
20.43;13.1
20.43;13.1
20.43;13.1
20.43;13.1
20.43;13.1
20.43;13.1
20.43;13.1
20.43;13.1
20.43;13.1
20.43;13.1
20.43;13.1
20.43;13.1
18.57;22.83
20.43;13.1
20.43;13.1
20.43;13.1
20.43;13.1
20.43;13.1
18.57;22.83
20.43;13.1
20.43;13.1
20.43;13.1
20.43;13.1
20.43;13.1
20.42;13.1
20.42;13.1
20.42;13.1
20.42;13.1
20.42;13.1
20.42;13.1
20.42;13.1
20.42;13.1
20.42;13.1
20.42;13.1
20.42;13.1
20.42;13.1
20.42;13.1
20.42;13.1
20.42;13.1
20.42;13.1
20.42;13.1
20.42;13.1
20.42;13.1
20.42;13.1
20.42;13.1
20.42;13.1
18.56;22.83
20.42;13.1
20.42;13.1
18.56;22.82
18.56;22.82
18.56;22.82
18.56;22.82
18.56;22.82
18.56;22.82
18.56;22.82
18.56;22.82
18.56;22.83
18.56;22.83
18.56;22.82
18.56;22.82
18.56;22.82
18.56;22.82
18.56;22.82
18.56;22.82
18.56;22.82
18.56;22.82
18.56;22.82
18.56;22.82
20.41;13.1
20.41;13.1
20.41;13.1
20.41;13.1
20.41;13.1
20.41;13.1
20.41;13.1
20.41;13.1
20.41;13.1
20.41;13.1
20.42;22.82
20.42;22.82
20.42;22.82
20.42;22.82
20.42;22.81
20.42;22.82
20.42;22.82
20.42;22.82
20.42;22.82
20.42;22.82
20.42;22.82
20.42;22.82
20.42;22.82
20.42;22.81
20.42;22.81
20.42;22.81
20.42;22.81
20.42;22.81
20.42;22.81
20.42;22.81
20.42;22.81
20.42;22.81
20.42;22.81
20.42;22.81
20.42;22.81
20.42;22.81
20.41;22.81
20.41;22.81
20.41;22.8
20.41;22.8
20.41;22.8
20.41;22.8
20.41;22.8
20.41;22.8
20.41;22.8
20.41;22.8
20.41;22.8
20.41;22.8
20.41;22.79
20.41;22.8
20.41;22.8
20.41;22.8
20.4;13.1
20.41;22.8
20.4;13.1
20.4;13.1
20.4;13.1
20.4;13.1
20.4;13.1
20.4;13.1
18.55;22.79
18.55;22.79
18.55;22.79
18.55;22.79
18.55;22.79
18.55;22.79
18.55;22.79
18.55;22.78
18.55;22.79
18.55;22.78
18.55;22.79
18.55;22.79
18.55;22.79
18.55;22.79
18.55;22.79
20.4;13.1
18.55;22.79
20.39;13.1
20.39;13.1
20.39;13.1
20.39;13.1
18.55;22.79
18.55;22.79
20.39;13.1
18.55;22.79
18.54;22.78
18.55;22.79
18.54;22.79
18.54;22.78
18.54;22.78
18.54;22.78
18.54;22.78
18.54;22.78
18.54;22.78
18.54;22.79
18.54;22.79
18.54;22.79
18.54;22.79
18.54;22.79
18.54;22.78
18.54;22.79
18.54;22.78
18.54;22.78
18.54;22.78
18.54;22.78
18.54;22.78
18.54;22.78
18.54;22.78
18.54;22.78
18.54;22.78
18.54;22.78
18.54;22.78
18.54;22.78
18.54;22.78
18.54;22.78
18.54;22.78
18.54;22.77
18.54;22.77
18.54;22.77
18.54;22.77
18.54;22.77
18.54;22.77
18.54;22.77
18.54;22.77
18.54;22.77
18.54;22.78
18.54;22.78
18.54;22.77
18.53;22.76
20.38;13.1
20.38;13.1
20.38;13.1
20.38;13.1
20.38;13.1
18.54;22.77
18.54;22.77
18.54;22.77
18.54;22.76
18.54;22.77
18.53;22.76
18.53;22.76
18.53;22.76
18.53;22.76
18.53;22.76
18.53;22.76
18.53;22.76
18.53;22.76
18.53;22.76
18.53;22.76
18.53;22.76
18.53;22.76
18.53;22.76
18.53;22.76
18.53;22.76
18.53;22.76
18.53;22.76
18.53;22.76
18.53;22.76
18.53;22.76
18.53;22.76
18.53;22.77
18.53;22.77
18.53;22.77
18.53;22.77
18.53;22.77
18.53;22.77
18.53;22.77
18.53;22.77
18.53;22.77
18.53;22.77
18.53;22.77
18.53;22.77
18.53;22.77
18.53;22.77
18.53;22.77
18.52;22.77
18.53;22.77
18.52;22.76
18.52;22.77
18.52;22.77
18.52;22.77
18.52;22.77
18.52;22.77
18.52;22.77
18.52;22.76
18.52;22.77
18.52;22.77
18.52;22.76
18.52;22.76
18.52;22.77
18.52;22.77
18.52;22.77
18.52;22.76
18.52;22.77
18.52;22.77
18.52;22.77
18.52;22.77
18.52;22.76
18.52;22.77
18.51;22.76
18.51;22.76
18.51;22.76
18.51;22.77
18.51;22.76
18.51;22.76
18.51;22.76
18.51;22.77
18.51;22.77
18.51;22.77
18.51;22.76
18.51;22.77
18.51;22.76
18.51;22.77
18.51;22.77
18.51;22.77
18.51;22.77
18.51;22.77
18.51;22.77
18.51;22.77
18.51;22.77
18.51;22.76
18.51;22.76
18.51;22.76
18.51;22.76
18.51;22.76
18.51;22.76
18.51;22.76
18.51;22.76
18.51;22.76
18.51;22.76
18.51;22.76
18.51;22.76
18.51;22.76
18.51;22.76
18.51;22.76
18.51;22.76
18.51;22.76
18.51;22.76
18.51;22.76
18.51;22.76
18.5;22.76
18.51;22.76
18.5;22.76
18.51;22.76
18.51;22.76
18.51;22.76
18.51;22.76
18.51;22.75
18.51;22.76
18.5;22.75
18.5;22.75
18.5;22.75
18.5;22.75
18.5;22.75
18.5;22.75
18.5;22.75
18.5;22.75
18.5;22.75
18.5;22.75
18.5;22.75
18.5;22.75
18.5;22.75
18.5;22.75
18.5;22.75
18.5;22.75
18.5;22.75
18.5;22.75
18.5;22.75
18.5;22.75
18.5;22.75
18.5;22.75
18.5;22.75
18.5;22.75
18.5;22.75
18.5;22.75
18.5;22.75
18.5;22.75
18.5;22.75
18.5;22.75
18.5;22.75
18.5;22.75
18.5;22.75
18.5;22.75
18.5;22.75
18.5;22.75
18.5;22.75
18.5;22.75
18.5;22.75
18.5;22.75
18.5;22.75
18.5;22.75
18.49;22.75
18.49;22.75
18.5;22.75
18.5;22.75
18.5;22.75
18.49;22.75
18.5;22.75
18.5;22.75
18.49;22.75
18.49;22.75
18.49;22.75
18.49;22.75
18.49;22.75
18.49;22.75
18.49;22.75
18.49;22.74
18.49;22.75
18.49;22.75
18.49;22.74
18.48;22.75
18.48;22.74
18.48;22.75
18.48;22.74
18.48;22.75
18.48;22.75
18.48;22.75
18.48;22.75
18.48;22.74
18.48;22.74
18.48;22.74
18.48;22.74
18.48;22.74
18.48;22.74
18.48;22.74
18.48;22.74
18.48;22.74
18.48;22.74
18.48;22.74
18.48;22.74
18.48;22.74
18.48;22.74
18.48;22.74
18.48;22.74
18.48;22.74
18.48;22.74
18.48;22.74
18.48;22.74
18.48;22.74
18.48;22.74
18.48;22.74
18.48;22.74
18.48;22.74
18.47;22.74
18.47;22.74
18.47;22.74
18.47;22.74
18.47;22.74
18.47;22.74
18.47;22.74
18.47;22.73
18.47;22.73
18.47;22.74
18.47;22.73
18.47;22.73
18.47;22.73
18.47;22.73
18.47;22.73
18.47;22.73
18.47;22.73
18.47;22.73
18.47;22.73
18.47;22.73
18.47;22.73
18.47;22.73
18.47;22.73
18.47;22.73
18.47;22.73
18.47;22.73
18.47;22.73
18.47;22.73
18.47;22.73
18.47;22.73
18.47;22.73
18.47;22.73
18.47;22.73
18.47;22.73
18.47;22.72
18.47;22.73
18.47;22.73
18.47;22.73
18.47;22.73
18.46;22.72
18.47;22.73
18.47;22.73
18.47;22.72
18.47;22.72
18.47;22.73
18.47;22.73
18.47;22.73
18.47;22.73
18.47;22.73
18.46;22.73
18.46;22.73
18.46;22.73
18.46;22.73
18.46;22.72
18.46;22.72
18.46;22.72
18.46;22.72
18.46;22.72
18.46;22.72
18.46;22.72
18.46;22.72
18.46;22.72
18.46;22.72
18.46;22.72
18.46;22.72
18.46;22.72
18.46;22.72
18.46;22.72
18.46;22.72
18.46;22.72
18.46;22.72
18.46;22.72
18.46;22.72
18.46;22.72
18.46;22.72
18.46;22.72
18.46;22.72
18.46;22.72
18.46;22.71
18.46;22.71
18.46;22.71
18.46;22.71
18.46;22.71
18.46;22.71
18.46;22.71
18.46;22.71
18.45;22.71
18.46;22.71
18.45;22.71
18.45;22.71
18.45;22.71
18.45;22.71
18.45;22.71
18.45;22.71
18.45;22.71
18.45;22.7
18.45;22.71
18.45;22.71
18.45;22.71
18.45;22.71
18.45;22.71
18.45;22.71
18.45;22.71
18.45;22.71
18.45;22.71
18.45;22.71
18.45;22.71
18.44;22.71
18.44;22.71
18.45;22.71
18.44;22.71
18.44;22.71
18.44;22.71
18.44;22.71
18.44;22.71
18.44;22.71
18.44;22.71
18.44;22.71
18.44;22.71
18.44;22.71
18.44;22.7
18.44;22.7
18.44;22.71
18.44;22.7
18.44;22.71
18.43;22.7
18.43;22.7
18.43;22.7
18.43;22.7
18.43;22.7
18.43;22.7
18.43;22.7
18.43;22.7
18.43;22.7
18.43;22.7
18.43;22.7
18.43;22.7
18.44;22.7
18.44;22.7
18.44;22.7
18.44;22.7
18.43;22.7
18.43;22.69
18.43;22.7
18.44;22.7
18.44;22.71
18.43;22.7
18.43;22.7
18.44;22.71
18.43;22.7
18.43;22.7
18.43;22.7
18.43;22.7
18.43;22.7
18.43;22.7
18.43;22.7
18.43;22.7
18.43;22.7
18.43;22.7
18.43;22.7
18.43;22.7
18.43;22.7
18.43;22.69
18.43;22.69
18.43;22.69
18.43;22.69
18.43;22.69
18.43;22.69
18.43;22.69
18.43;22.69
18.43;22.69
18.43;22.69
18.43;22.69
18.43;22.69
18.43;22.69
18.43;22.69
18.43;22.69
18.43;22.69
18.43;22.69
18.43;22.69
18.43;22.69
18.43;22.69
18.43;22.69
18.43;22.69
18.42;22.69
18.43;22.69
18.42;22.69
18.43;22.69
18.43;22.69
18.42;22.69
18.42;22.69
18.42;22.69
18.42;22.68
18.42;22.69
18.42;22.69
18.42;22.68
18.42;22.68
18.42;22.68
18.42;22.68
18.42;22.68
18.42;22.68
18.42;22.68
18.42;22.68
18.42;22.68
18.42;22.68
18.42;22.68
18.42;22.68
18.42;22.68
18.42;22.68
18.42;22.68
18.42;22.68
18.42;22.68
18.42;22.68
18.42;22.68
20.37;22.4
20.37;22.4
18.42;22.68
19.2;22.75
19.2;22.75
19.2;22.75
19.2;22.75
20.7;22.5
20.7;22.5
20.7;22.5
20.7;22.5
20.7;22.5
20.7;22.5
20.7;22.5
20.7;22.5
20.7;22.5
20.7;22.5
20.7;22.5
20.7;22.5
20.7;22.5
20.7;22.5
20.7;22.5
20.7;22.5
20.7;22.5
20.7;22.5
20.7;22.5
20.7;22.5
20.7;22.5
20.7;22.5
20.7;22.5
20.7;22.5
20.7;22.5
20.7;22.5
20.7;22.5
20.7;22.5
20.71;22.5
20.71;22.5
20.71;22.5
20.71;22.5
20.71;22.5
20.7;22.5
20.71;22.5
20.7;22.5
20.7;22.5
20.7;22.5
20.7;22.5
20.71;22.5
20.7;22.5
20.7;22.5
20.7;22.5
20.7;22.5
20.7;22.5
20.69;22.5
20.7;22.5
20.69;22.5
20.7;22.5
20.7;22.5
20.69;22.5
20.7;22.5
20.69;22.5
20.7;22.49
20.7;22.49
20.7;22.49
20.7;22.49
20.69;22.49
20.69;22.49
20.69;22.49
20.69;22.49
20.69;22.49
20.69;22.49
20.69;22.49
20.69;22.49
20.69;22.49
20.69;22.49
20.7;22.49
20.69;22.49
20.7;22.49
20.69;22.49
20.69;22.49
20.69;22.49
20.69;22.49
20.69;22.49
20.69;22.49
20.7;22.49
20.7;22.49
20.69;22.49
20.69;22.49
20.69;22.49
20.7;22.49
20.69;22.49
20.71;22.49
20.7;22.49
20.7;22.49
20.7;22.49
20.7;22.49
20.7;22.49
20.7;22.49
20.7;22.49
20.7;22.49
20.7;22.49
20.7;22.49
20.7;22.49
20.7;22.49
20.7;22.49
20.71;22.49
20.71;22.49
20.7;22.49
20.7;22.49
20.7;22.49
20.7;22.49
20.7;22.49
20.7;22.49
20.71;22.49
20.71;22.49
20.71;22.49
20.71;22.49
20.7;22.49
20.71;22.49
20.7;22.49
20.7;22.49
20.7;22.49
20.7;22.49
20.7;22.49
20.7;22.49
20.7;22.49
20.7;22.49
20.7;22.49
20.7;22.49
20.7;22.49
20.7;22.49
20.71;22.49
20.7;22.49
20.7;22.49
20.7;22.49
20.71;22.49
20.7;22.49
20.71;22.49
20.71;22.49
20.7;22.49
20.7;22.49
20.7;22.49
20.7;22.49
20.7;22.49
20.7;22.49
20.71;22.49
20.71;22.48
20.7;22.49
20.7;22.49
20.7;22.49
20.7;22.49
20.7;22.49
20.71;22.49
20.7;22.49
20.7;22.48
20.71;22.48
20.71;22.48
20.7;22.48
20.71;22.48
20.71;22.48
20.71;22.48
20.71;22.48
20.71;22.48
20.71;22.48
20.71;22.48
20.71;22.48
20.71;22.48
20.71;22.48
20.71;22.48
20.71;22.48
20.7;22.48
20.7;22.48
20.71;22.48
20.7;22.48
20.7;22.48
20.7;22.48
20.7;22.48
20.7;22.48
20.7;22.48
20.71;22.48
20.71;22.48
20.7;22.48
20.7;22.48
20.7;22.48
20.7;22.48
20.7;22.48
20.7;22.48
20.7;22.48
20.7;22.48
20.7;22.48
20.7;22.48
20.7;22.48
20.69;22.48
20.69;22.48
20.7;22.48
20.7;22.48
20.69;22.48
20.69;22.48
20.7;22.48
20.7;22.48
20.7;22.48
20.7;22.48
20.7;22.48
20.7;22.48
20.7;22.48
20.7;22.48
20.7;22.48
20.7;22.48
20.7;22.48
20.7;22.48
20.7;22.48
20.7;22.48
20.7;22.48
20.7;22.48
20.7;22.48
20.7;22.48
20.7;22.48
20.7;22.48
20.7;22.48
20.7;22.48
20.7;22.48
20.7;22.48
20.7;22.48
20.7;22.48
20.7;22.48
20.7;22.48
20.71;22.48
20.7;22.48
20.7;22.48
20.71;22.48
20.7;22.48
20.71;22.48
20.7;22.48
20.7;22.48
20.71;22.48
20.71;22.48
20.7;22.48
20.7;22.48
20.7;22.48
20.7;22.48
20.7;22.48
20.7;22.48
20.7;22.48
20.7;22.48
20.7;22.48
20.7;22.48
20.71;22.48
20.7;22.48
20.7;22.48
20.7;22.48
20.71;22.48
20.71;22.48
20.71;22.48
20.7;22.48
20.71;22.48
20.7;22.48
20.71;22.48
20.7;22.48
20.7;22.48
20.7;22.48
20.7;22.48
20.7;22.48
20.7;22.48
20.71;22.48
20.7;22.48
20.7;22.48
20.7;22.48
20.7;22.48
20.7;22.48
20.71;22.48
20.7;22.48
20.7;22.48
20.7;22.48
20.7;22.48
20.71;22.48
20.7;22.48
20.7;22.48
20.7;22.48
20.7;22.48
20.7;22.48
20.7;22.48
20.7;22.48
20.7;22.48
20.7;22.48
20.7;22.48
20.7;22.48
20.7;22.48
20.7;22.48
20.7;22.48
20.7;22.48
20.7;22.48
20.7;22.48
20.7;22.48
20.7;22.48
20.7;22.48
20.7;22.48
20.7;22.48
20.7;22.48
20.7;22.48
20.7;22.47
20.7;22.47
20.7;22.47
20.7;22.47
20.7;22.47
20.7;22.47
20.7;22.47
20.7;22.47
20.7;22.47
20.69;22.47
20.7;22.47
20.7;22.47
20.71;22.47
20.71;22.47
20.7;22.47
20.7;22.47
20.7;22.47
20.7;22.47
20.7;22.47
20.7;22.47
20.7;22.47
20.71;22.47
20.7;22.47
20.7;22.47
20.7;22.47
20.7;22.47
20.7;22.47
20.7;22.47
20.7;22.47
20.7;22.47
20.7;22.47
20.7;22.47
20.7;22.47
20.7;22.47
20.7;22.47
20.7;22.47
20.7;22.47
20.7;22.47
20.7;22.47
20.7;22.47
20.7;22.47
20.7;22.47
20.7;22.47
20.7;22.47
20.7;22.47
20.7;22.47
20.7;22.47
20.7;22.47
20.7;22.47
20.7;22.47
20.7;22.47
20.7;22.47
20.7;22.47
20.7;22.47
20.7;22.47
20.7;22.47
20.69;22.47
20.69;22.47
20.7;22.47
20.69;22.47
20.69;22.47
20.7;22.47
20.7;22.47
20.69;22.47
20.69;22.47
20.69;22.47
20.69;22.47
20.7;22.47
20.69;22.47
20.69;22.47
20.69;22.47
20.7;22.47
20.69;22.47
20.69;22.47
20.69;22.47
20.69;22.47
20.69;22.47
20.7;22.47
20.7;22.47
20.7;22.47
20.7;22.47
20.69;22.47
20.7;22.47
20.69;22.47
20.69;22.47
20.69;22.47
20.7;22.47
20.69;22.47
20.69;22.47
20.69;22.47
20.7;22.47
20.7;22.47
20.69;22.47
20.69;22.47
20.7;22.47
20.69;22.47
20.69;22.47
20.69;22.47
20.69;22.47
20.69;22.47
20.69;22.47
20.69;22.47
20.7;22.47
20.69;22.47
20.69;22.47
20.69;22.47
20.7;22.47
20.69;22.47
20.69;22.47
20.69;22.47
20.69;22.47
20.69;22.47
20.7;22.47
20.69;22.47
20.69;22.47
20.69;22.47
20.69;22.47
20.69;22.47
20.69;22.47
20.69;22.47
20.69;22.47
20.69;22.47
20.69;22.47
20.69;22.47
20.69;22.47
20.69;22.47
20.69;22.46
20.69;22.46
20.69;22.47
20.69;22.47
20.69;22.47
20.69;22.46
20.69;22.47
20.69;22.47
20.69;22.46
20.69;22.46
20.69;22.46
20.69;22.46
20.69;22.46
20.69;22.47
20.69;22.46
20.69;22.46
20.69;22.46
20.69;22.46
20.69;22.46
20.69;22.46
20.69;22.46
20.69;22.46
20.69;22.46
20.69;22.46
20.69;22.46
20.69;22.46
20.69;22.46
20.69;22.46
20.69;22.46
20.69;22.46
20.69;22.46
20.69;22.46
20.69;22.46
20.69;22.46
20.69;22.46
20.69;22.46
20.69;22.46
20.69;22.46
20.69;22.46
20.69;22.46
20.69;22.46
20.69;22.46
20.69;22.46
20.69;22.46
20.69;22.46
20.69;22.46
20.69;22.46
20.69;22.46
20.69;22.46
20.69;22.46
20.69;22.46
20.69;22.46
20.69;22.46
20.69;22.46
20.69;22.46
20.69;22.46
20.69;22.46
20.69;22.46
20.69;22.46
20.69;22.46
20.69;22.46
20.69;22.46
20.69;22.46
20.69;22.46
20.68;22.46
20.68;22.46
20.68;22.46
20.69;22.46
20.69;22.46
20.69;22.46
20.69;22.46
20.69;22.46
20.69;22.46
20.69;22.46
20.69;22.46
20.68;22.46
20.68;22.46
20.68;22.46
20.68;22.46
20.69;22.46
20.68;22.46
20.68;22.46
20.69;22.46
20.69;22.46
20.68;22.46
20.68;22.46
20.69;22.46
20.69;22.46
20.69;22.46
20.69;22.46
20.69;22.46
20.69;22.46
20.69;22.46
20.69;22.46
20.69;22.46
20.69;22.46
20.69;22.46
20.69;22.46
20.69;22.46
20.69;22.46
20.69;22.46
20.69;22.46
20.69;22.46
20.68;22.46
20.69;22.46
20.69;22.46
20.69;22.46
20.69;22.46
20.69;22.46
20.69;22.46
20.7;22.46
20.69;22.46
20.69;22.46
20.69;22.46
20.69;22.46
20.69;22.46
20.69;22.46
20.69;22.46
20.69;22.46
20.69;22.46
20.69;22.46
20.69;22.46
20.69;22.46
20.69;22.46
20.69;22.46
20.69;22.46
20.69;22.46
20.69;22.46
20.69;22.46
20.69;22.46
20.69;22.46
20.69;22.46
20.69;22.46
20.69;22.46
20.69;22.46
20.69;22.46
20.69;22.46
20.7;22.46
20.7;22.46
20.7;22.46
20.7;22.46
20.7;22.46
20.7;22.46
20.7;22.46
20.7;22.46
20.7;22.46
20.7;22.46
20.7;22.46
20.7;22.46
20.7;22.46
20.71;22.46
20.7;22.46
20.7;22.46
20.7;22.46
20.7;22.46
20.7;22.46
20.7;22.46
20.7;22.46
20.7;22.46
20.7;22.46
20.7;22.46
20.7;22.46
20.7;22.46
20.7;22.46
20.7;22.46
20.7;22.46
20.7;22.46
20.7;22.46
20.7;22.46
20.7;22.46
20.7;22.46
20.7;22.46
20.7;22.46
20.7;22.46
20.7;22.46
20.7;22.46
20.7;22.46
20.7;22.46
20.7;22.46
20.7;22.46
20.7;22.45
20.7;22.46
20.7;22.46
20.7;22.45
20.7;22.45
20.7;22.45
20.7;22.46
20.7;22.46
20.7;22.46
20.7;22.46
20.7;22.45
20.7;22.45
20.7;22.45
20.7;22.45
20.7;22.45
20.7;22.45
20.7;22.45
20.7;22.45
20.7;22.45
20.7;22.45
20.7;22.45
20.7;22.45
20.7;22.45
20.7;22.45
20.7;22.45
20.7;22.45
20.7;22.45
20.7;22.45
20.7;22.45
20.7;22.45
20.7;22.45
20.7;22.45
20.7;22.45
20.7;22.45
20.7;22.45
20.7;22.45
20.7;22.45
20.7;22.45
20.7;22.45
20.7;22.45
20.7;22.45
20.7;22.45
20.7;22.45
20.7;22.45
20.7;22.45
20.7;22.45
20.7;22.45
20.7;22.45
20.7;22.45
20.7;22.45
20.7;22.45
20.7;22.45
20.7;22.45
20.7;22.45
20.7;22.45
20.7;22.45
20.7;22.45
20.7;22.45
20.7;22.45
20.7;22.45
20.7;22.45
20.7;22.45
20.7;22.45
20.7;22.45
20.7;22.45
20.7;22.45
20.7;22.45
20.7;22.45
20.7;22.45
20.7;22.45
20.7;22.45
20.7;22.45
20.7;22.45
20.7;22.45
20.7;22.45
20.7;22.45
20.7;22.45
20.7;22.45
20.7;22.45
20.7;22.45
20.7;22.45
20.7;22.45
20.7;22.45
20.7;22.45
20.7;22.45
20.7;22.45
20.7;22.45
20.7;22.45
20.7;22.45
20.71;22.45
20.7;22.45
20.7;22.45
20.7;22.45
20.7;22.45
20.7;22.45
20.71;22.45
20.7;22.45
20.7;22.45
20.7;22.45
20.7;22.45
20.7;22.45
20.7;22.45
20.7;22.45
20.7;22.45
20.7;22.45
20.7;22.45
20.71;22.45
20.7;22.45
20.7;22.45
20.7;22.45
20.7;22.45
20.71;22.45
20.7;22.45
20.7;22.45
20.7;22.45
20.7;22.45
20.7;22.45
20.7;22.45
20.7;22.45
20.7;22.45
20.7;22.45
20.71;22.45
20.7;22.45
20.7;22.45
20.7;22.45
20.7;22.45
20.7;22.45
20.71;22.45
20.7;22.45
20.71;22.45
20.7;22.45
20.7;22.45
20.7;22.45
20.7;22.45
20.7;22.45
20.7;22.45
20.71;22.45
20.7;22.45
20.7;22.45
20.7;22.45
20.7;22.45
20.71;22.45
20.7;22.45
20.7;22.45
20.7;22.45
20.7;22.45
20.71;22.45
20.7;22.45
20.7;22.45
20.7;22.45
20.7;22.44
20.71;22.44
20.71;22.44
20.71;22.45
20.71;22.45
20.71;22.44
20.71;22.44
20.71;22.44
20.71;22.44
20.71;22.44
20.71;22.44
20.71;22.45
20.7;22.45
20.7;22.44
20.7;22.44
20.7;22.44
20.7;22.44
20.7;22.44
20.7;22.44
20.7;22.44
20.71;22.44
20.7;22.44
20.7;22.44
20.71;22.44
20.7;22.44
20.7;22.44
20.7;22.44
20.7;22.44
20.7;22.44
20.7;22.44
20.7;22.44
20.7;22.44
20.7;22.44
20.7;22.44
20.7;22.44
20.7;22.44
20.7;22.44
20.7;22.44
20.7;22.44
20.7;22.44
20.7;22.44
20.7;22.44
20.7;22.44
20.7;22.44
20.7;22.44
20.7;22.44
20.7;22.44
20.7;22.44
20.7;22.44
20.7;22.44
20.7;22.44
20.7;22.44
20.7;22.44
20.7;22.44
20.7;22.44
20.7;22.44
20.7;22.44
20.7;22.44
20.7;22.44
20.7;22.44
20.7;22.44
20.7;22.44
20.7;22.44
20.7;22.44
20.7;22.44
20.7;22.44
20.7;22.44
20.7;22.44
20.7;22.44
20.7;22.44
20.7;22.44
20.7;22.44
20.7;22.44
20.7;22.44
20.7;22.44
20.7;22.44
20.7;22.44
20.7;22.44
20.71;22.44
20.7;22.44
20.7;22.44
20.7;22.44
20.7;22.44
20.7;22.44
20.7;22.44
20.7;22.44
20.7;22.44
20.7;22.44
20.7;22.44
20.7;22.44
20.7;22.44
20.7;22.44
20.7;22.44
20.7;22.44
20.7;22.44
20.7;22.44
20.7;22.44
20.7;22.44
20.7;22.44
20.7;22.44
20.7;22.44
20.7;22.44
20.7;22.44
20.7;22.44
20.7;22.44
20.7;22.44
20.7;22.44
20.7;22.44
20.7;22.44
20.7;22.44
20.7;22.44
20.7;22.44
20.7;22.44
20.7;22.44
20.7;22.44
20.7;22.44
20.7;22.44
20.7;22.44
20.7;22.44
20.7;22.44
20.7;22.44
20.7;22.44
20.7;22.44
20.7;22.44
20.7;22.44
20.7;22.44
20.7;22.44
20.7;22.44
20.7;22.44
20.7;22.44
20.7;22.44
20.7;22.44
20.7;22.44
20.7;22.44
20.7;22.44
20.7;22.44
20.7;22.44
20.7;22.44
20.7;22.44
20.7;22.44
20.7;22.44
20.7;22.44
20.7;22.44
20.7;22.44
20.7;22.44
20.7;22.44
20.7;22.44
20.7;22.44
20.7;22.44
20.7;22.44
20.7;22.44
20.71;22.44
20.71;22.44
20.71;22.44
20.71;22.44
20.71;22.44
20.7;22.44
20.71;22.44
20.71;22.44
20.71;22.44
20.71;22.44
20.71;22.44
20.71;22.44
20.71;22.44
20.71;22.44
20.71;22.44
20.71;22.44
20.71;22.44
20.71;22.44
20.71;22.44
20.71;22.44
20.71;22.44
20.71;22.44
20.7;22.44
20.71;22.44
20.7;22.44
20.7;22.44
20.7;22.44
20.7;22.44
20.7;22.44
20.71;22.44
20.71;22.44
20.71;22.44
20.7;22.44
20.7;22.44
20.7;22.44
20.7;22.44
20.7;22.44
20.7;22.44
20.7;22.44
20.7;22.44
20.7;22.44
20.7;22.44
20.7;22.44
20.7;22.44
20.7;22.44
20.7;22.44
20.7;22.44
20.7;22.44
20.7;22.44
20.7;22.44
20.7;22.44
20.7;22.44
20.7;22.44
20.7;22.44
20.7;22.44
20.7;22.44
20.7;22.44
20.7;22.44
20.7;22.44
20.7;22.44
20.7;22.44
20.7;22.44
20.71;22.44
20.7;22.44
20.7;22.44
20.7;22.44
20.7;22.44
20.7;22.44
20.7;22.44
20.7;22.44
20.7;22.44
20.7;22.44
20.7;22.44
20.7;22.44
20.7;22.44
20.7;22.44
20.7;22.44
20.7;22.44
20.7;22.44
20.7;22.44
20.7;22.44
20.7;22.44
20.7;22.44
20.7;22.44
20.7;22.44
20.7;22.44
20.7;22.44
20.7;22.44
20.7;22.44
20.7;22.44
20.69;22.44
20.7;22.44
20.69;22.44
20.69;22.44
20.69;22.44
20.69;22.44
20.7;22.44
20.69;22.44
20.69;22.44
20.69;22.44
20.69;22.44
20.69;22.44
20.69;22.44
20.7;22.44
20.7;22.44
20.69;22.44
20.7;22.44
20.69;22.44
20.7;22.44
20.7;22.44
20.7;22.44
20.7;22.44
20.7;22.44
20.7;22.44
20.7;22.44
20.7;22.44
20.7;22.44
20.7;22.44
20.7;22.44
20.7;22.44
20.7;22.44
20.7;22.44
20.7;22.44
20.7;22.44
20.7;22.44
20.7;22.44
20.7;22.44
20.7;22.44
20.7;22.44
20.7;22.44
20.7;22.44
20.7;22.44
20.7;22.44
20.7;22.44
20.7;22.44
20.7;22.44
20.7;22.44
20.7;22.44
20.7;22.44
20.7;22.44
20.7;22.44
20.7;22.44
20.7;22.44
20.69;22.44
20.7;22.44
20.7;22.44
20.69;22.44
20.69;22.44
20.69;22.44
20.69;22.44
20.7;22.44
20.69;22.44
20.69;22.44
20.69;22.44
20.69;22.44
20.69;22.44
20.69;22.44
20.7;22.44
20.69;22.44
20.69;22.44
20.69;22.44
20.69;22.44
20.69;22.44
20.69;22.44
20.7;22.44
20.69;22.44
20.69;22.44
20.7;22.44
20.69;22.44
20.69;22.44
20.69;22.44
20.69;22.44
20.69;22.44
20.69;22.44
20.69;22.44
20.69;22.44
20.69;22.44
20.69;22.44
20.69;22.44
20.69;22.44
20.69;22.44
20.69;22.44
20.69;22.44
20.7;22.44
20.7;22.44
20.69;22.44
20.7;22.44
20.69;22.44
20.69;22.44
20.69;22.44
20.69;22.44
20.7;22.44
20.69;22.44
20.69;22.44
20.69;22.44
20.69;22.44
20.69;22.44
20.69;22.44
20.69;22.44
20.69;22.44
20.69;22.44
20.69;22.44
20.69;22.45
20.69;22.45
20.7;22.44
20.69;22.44
20.7;22.44
20.69;22.44
20.69;22.44
20.69;22.44
20.69;22.44
20.69;22.44
20.69;22.44
20.69;22.44
20.7;22.44
20.7;22.44
20.7;22.44
20.69;22.44
20.7;22.44
20.7;22.44
20.69;22.44
20.7;22.44
20.69;22.44
20.69;22.44
20.69;22.44
20.69;22.44
20.69;22.44
20.7;22.44
20.69;22.44
20.69;22.44
20.7;22.44
20.69;22.44
20.7;22.44
20.7;22.44
20.7;22.44
20.7;22.44
20.7;22.44
20.7;22.44
20.69;22.44
20.7;22.44
20.7;22.44
20.69;22.44
20.69;22.44
20.69;22.44
20.69;22.44
20.69;22.44
20.69;22.44
20.7;22.44
20.69;22.44
20.69;22.44
20.69;22.44
20.69;22.44
20.69;22.44
20.7;22.44
20.69;22.44
20.69;22.44
20.7;22.44
20.69;22.44
20.69;22.44
20.69;22.44
20.7;22.44
20.7;22.44
20.69;22.44
20.7;22.44
20.69;22.44
20.69;22.44
20.69;22.44
20.7;22.44
20.69;22.44
20.7;22.44
20.69;22.44
20.7;22.44
20.69;22.44
20.7;22.44
20.7;22.44
20.7;22.44
20.7;22.44
20.7;22.44
20.69;22.44
20.69;22.44
20.69;22.44
20.69;22.44
20.69;22.44
20.69;22.44
20.69;22.44
20.69;22.44
20.69;22.44
20.7;22.44
20.69;22.44
20.69;22.44
20.7;22.44
20.69;22.44
20.69;22.44
20.69;22.44
20.69;22.44
20.69;22.44
20.69;22.44
20.69;22.44
20.69;22.44
20.69;22.44
20.69;22.44
20.69;22.44
20.69;22.44
20.69;22.44
20.69;22.44
20.69;22.44
20.69;22.44
20.69;22.44
20.69;22.44
20.69;22.44
20.69;22.44
20.69;22.44
20.69;22.44
20.69;22.44
20.69;22.44
20.69;22.44
20.69;22.44
20.69;22.44
20.69;22.44
20.69;22.44
20.69;22.44
20.69;22.44
20.69;22.44
20.69;22.44
20.69;22.44
20.69;22.44
20.69;22.44
20.69;22.44
20.69;22.44
20.69;22.44
20.69;22.44
20.69;22.44
20.69;22.44
20.69;22.44
20.69;22.44
20.69;22.44
20.69;22.44
20.69;22.45
20.69;22.44
20.69;22.44
20.69;22.44
20.69;22.44
20.69;22.44
20.69;22.44
20.69;22.44
20.69;22.44
20.69;22.44
20.69;22.44
20.69;22.44
20.69;22.44
20.69;22.44
20.69;22.44
20.69;22.44
20.69;22.44
20.69;22.44
20.69;22.44
20.69;22.44
20.69;22.44
20.69;22.44
20.69;22.44
20.7;22.44
20.69;22.44
20.69;22.44
20.69;22.44
20.69;22.44
20.7;22.44
20.69;22.44
20.69;22.44
20.69;22.44
20.69;22.45
20.69;22.44
20.69;22.44
20.69;22.44
20.69;22.44
20.69;22.44
20.69;22.44
20.69;22.44
20.69;22.44
20.69;22.44
20.69;22.44
20.69;22.44
20.69;22.44
20.69;22.44
20.69;22.44
20.69;22.44
20.69;22.44
20.69;22.44
20.69;22.44
20.69;22.44
20.69;22.45
20.69;22.44
20.69;22.44
20.69;22.44
20.69;22.44
20.69;22.44
20.69;22.44
20.69;22.44
20.69;22.44
20.69;22.44
20.69;22.44
20.78;22.45
20.78;22.52
20.78;22.52
20.78;22.52
20.78;22.52
20.78;22.52
20.78;22.52
20.78;22.52
20.78;22.52
20.78;22.52
20.78;22.52
20.78;22.52
20.78;22.52
20.78;22.52
20.78;22.52
20.78;22.52
20.78;22.52
20.78;22.52
20.78;22.52
20.78;22.52
20.78;22.52
20.78;22.52
20.78;22.52
20.78;22.52
20.78;22.52
20.78;22.52
20.78;22.52
20.78;22.52
20.78;22.52
20.78;22.52
20.78;22.52
20.79;22.52
20.78;22.52
20.78;22.52
20.78;22.52
20.78;22.52
20.78;22.52
20.78;22.52
20.78;22.52
20.78;22.52
20.79;22.52
20.78;22.52
20.79;22.52
20.78;22.52
20.78;22.52
20.78;22.52
20.79;22.52
20.78;22.52
20.78;22.52
20.78;22.52
20.78;22.52
20.79;22.52
20.78;22.52
20.78;22.52
20.78;22.52
20.78;22.52
20.78;22.52
20.78;22.52
20.78;22.52
20.79;22.52
20.78;22.52
20.78;22.52
20.79;22.52
20.78;22.52
20.78;22.52
20.78;22.52
20.78;22.52
20.78;22.52
20.78;22.52
20.78;22.52
20.78;22.52
20.78;22.52
20.78;22.52
20.78;22.52
20.78;22.52
20.78;22.52
20.78;22.52
20.77;22.52
20.77;22.52
20.77;22.52
20.77;22.52
20.77;22.52
20.77;22.52
20.77;22.52
20.77;22.52
20.77;22.52
20.77;22.52
20.77;22.52
20.77;22.52
20.77;22.52
20.78;22.52
20.78;22.52
20.78;22.52
20.78;22.52
20.78;22.52
20.78;22.52
20.78;22.52
20.78;22.52
20.78;22.52
20.78;22.52
20.78;22.52
20.78;22.52
20.78;22.52
20.78;22.52
20.78;22.52
20.78;22.52
20.78;22.52
20.77;22.52
20.77;22.52
20.77;22.52
20.77;22.52
20.77;22.52
20.77;22.52
20.77;22.52
20.77;22.52
20.78;22.52
20.78;22.52
20.77;22.52
20.77;22.52
20.77;22.52
20.77;22.52
20.77;22.52
20.77;22.52
20.77;22.52
20.77;22.52
20.77;22.52
20.77;22.52
20.77;22.52
20.77;22.52
20.78;22.52
20.77;22.52
20.78;22.52
20.77;22.52
20.77;22.52
20.77;22.52
20.77;22.52
20.78;22.52
20.77;22.52
20.77;22.52
20.77;22.52
20.77;22.52
20.77;22.52
20.77;22.52
20.77;22.52
20.77;22.52
20.77;22.52
20.77;22.52
20.77;22.52
20.77;22.52
20.78;22.52
20.77;22.52
20.78;22.52
20.78;22.52
20.78;22.52
20.78;22.52
20.78;22.52
20.78;22.52
20.78;22.52
20.78;22.52
20.78;22.52
20.78;22.52
20.78;22.52
20.78;22.52
20.78;22.52
20.78;22.52
20.78;22.52
20.78;22.52
20.78;22.52
20.78;22.52
20.78;22.52
20.78;22.52
20.78;22.52
20.78;22.52
20.78;22.52
20.78;22.52
20.78;22.52
20.78;22.52
20.78;22.52
20.78;22.52
20.78;22.52
20.78;22.52
20.78;22.52
20.78;22.52
20.78;22.52
20.78;22.52
20.78;22.52
20.78;22.52
20.78;22.52
20.78;22.52
20.78;22.52
20.78;22.52
20.78;22.52
20.78;22.52
20.78;22.52
20.78;22.52
20.78;22.52
20.78;22.52
20.78;22.52
20.78;22.52
20.78;22.52
20.78;22.52
20.78;22.52
20.78;22.52
20.78;22.52
20.78;22.52
20.77;22.52
20.78;22.52
20.78;22.52
20.78;22.52
20.78;22.52
20.77;22.52
20.77;22.52
20.77;22.52
20.78;22.52
20.78;22.52
20.77;22.52
20.77;22.52
20.77;22.52
20.78;22.52
20.78;22.52
20.78;22.52
20.78;22.52
20.78;22.52
20.78;22.52
20.78;22.52
20.78;22.52
20.78;22.52
20.78;22.52
20.78;22.52
20.78;22.52
20.78;22.52
20.78;22.52
20.78;22.52
20.78;22.52
20.77;22.52
20.77;22.52
20.78;22.52
20.78;22.52
20.78;22.52
20.77;22.52
20.78;22.52
20.78;22.52
20.78;22.52
20.78;22.52
20.78;22.52
20.78;22.52
20.78;22.52
20.78;22.52
20.78;22.52
20.78;22.52
20.78;22.52
20.78;22.52
20.78;22.52
20.78;22.52
20.78;22.52
20.78;22.52
20.78;22.52
20.78;22.52
20.78;22.52
20.78;22.52
20.78;22.52
20.78;22.52
20.78;22.52
20.78;22.52
20.78;22.52
20.78;22.52
20.78;22.52
20.77;22.52
20.77;22.52
20.78;22.52
20.78;22.52
20.77;22.52
20.77;22.52
20.78;22.52
20.77;22.52
20.77;22.52
20.77;22.52
20.77;22.52
20.77;22.52
20.77;22.52
20.77;22.52
20.78;22.52
20.77;22.52
20.78;22.52
20.77;22.52
20.78;22.52
20.78;22.52
20.78;22.52
20.78;22.52
20.78;22.52
20.77;22.52
20.78;22.52
20.78;22.52
20.78;22.52
20.78;22.52
20.78;22.52
20.78;22.52
20.78;22.52
20.78;22.53
20.78;22.53
20.78;22.52
20.78;22.52
20.78;22.52
20.78;22.53
20.78;22.53
20.78;22.53
20.78;22.52
20.78;22.52
20.78;22.53
20.78;22.52
20.78;22.53
20.78;22.53
20.78;22.53
20.78;22.53
20.78;22.52
20.78;22.53
20.78;22.53
20.78;22.53
20.78;22.53
20.78;22.53
20.78;22.53
20.78;22.53
20.79;22.53
20.78;22.53
20.79;22.53
20.79;22.53
20.79;22.53
20.79;22.53
20.79;22.53
20.79;22.53
20.79;22.53
20.79;22.53
20.79;22.53
20.78;22.53
20.78;22.53
20.78;22.53
20.78;22.53
20.78;22.53
20.78;22.53
20.78;22.53
20.78;22.53
20.78;22.53
20.78;22.53
20.78;22.53
20.78;22.53
20.78;22.53
20.78;22.53
20.77;22.53
20.77;22.53
20.77;22.53
20.77;22.53
20.77;22.53
20.77;22.53
20.77;22.53
20.77;22.53
20.77;22.53
20.77;22.53
20.77;22.53
20.77;22.53
20.77;22.53
20.78;22.53
20.77;22.53
20.77;22.53
20.77;22.53
20.78;22.53
20.78;22.53
20.78;22.53
20.78;22.53
20.78;22.53
20.78;22.53
20.78;22.53
20.78;22.53
20.78;22.53
20.78;22.53
20.78;22.53
20.78;22.53
20.78;22.53
20.78;22.53
20.78;22.53
20.78;22.53
20.78;22.53
20.78;22.53
20.78;22.53
20.78;22.53
20.78;22.53
20.78;22.53
20.78;22.53
20.78;22.53
20.78;22.53
20.78;22.53
20.78;22.53
20.78;22.53
20.78;22.53
20.78;22.53
20.77;22.53
20.78;22.53
20.78;22.53
20.78;22.53
20.78;22.53
20.78;22.53
20.78;22.53
20.78;22.53
20.78;22.53
20.78;22.53
20.78;22.53
20.78;22.53
20.78;22.53
20.78;22.53
20.78;22.53
20.78;22.53
20.78;22.53
20.78;22.53
20.78;22.53
20.78;22.53
20.78;22.53
20.78;22.53
20.78;22.53
20.77;22.53
20.77;22.53
20.77;22.53
20.77;22.53
20.78;22.53
20.78;22.53
20.77;22.53
20.77;22.53
20.78;22.53
20.77;22.53
20.78;22.53
20.77;22.53
20.78;22.53
20.78;22.53
20.77;22.53
20.77;22.53
20.77;22.53
20.77;22.53
20.77;22.53
20.77;22.53
20.77;22.53
20.77;22.53
20.77;22.53
20.77;22.53
20.77;22.53
20.77;22.53
20.77;22.53
20.77;22.53
20.77;22.53
20.77;22.53
20.78;22.53
20.77;22.53
20.78;22.53
20.78;22.53
20.78;22.53
20.78;22.53
20.78;22.53
20.78;22.53
20.78;22.53
20.78;22.53
20.78;22.53
20.78;22.53
20.78;22.53
20.78;22.53
20.78;22.53
20.78;22.53
20.78;22.53
20.78;22.53
20.78;22.53
20.78;22.53
20.78;22.53
20.78;22.53
20.78;22.53
20.78;22.53
20.78;22.53
20.78;22.53
20.78;22.53
20.78;22.53
20.78;22.53
20.78;22.53
20.78;22.53
20.78;22.53
20.78;22.53
20.78;22.53
20.78;22.53
20.78;22.53
20.78;22.53
20.78;22.53
20.78;22.53
20.78;22.53
20.78;22.53
20.78;22.53
20.78;22.53
20.78;22.53
20.78;22.53
20.78;22.53
20.78;22.53
20.78;22.53
20.78;22.53
20.78;22.53
20.78;22.53
20.78;22.53
20.78;22.53
20.78;22.53
20.78;22.53
20.78;22.53
20.78;22.53
20.78;22.53
20.78;22.53
20.78;22.53
20.78;22.53
20.78;22.53
20.78;22.53
20.78;22.53
20.78;22.53
20.78;22.53
20.78;22.53
20.78;22.53
20.78;22.53
20.78;22.53
20.78;22.53
20.78;22.53
20.78;22.53
20.78;22.53
20.78;22.53
20.78;22.53
20.78;22.53
20.78;22.53
20.78;22.53
20.78;22.53
20.78;22.53
20.78;22.53
20.78;22.53
20.78;22.53
20.78;22.53
20.78;22.53
20.78;22.53
20.78;22.53
20.78;22.53
20.78;22.53
20.78;22.53
20.78;22.53
20.78;22.53
20.78;22.53
20.78;22.53
20.78;22.53
20.78;22.53
20.78;22.53
20.78;22.53
20.78;22.53
20.78;22.53
20.78;22.53
20.78;22.53
20.78;22.53
20.78;22.53
20.78;22.53
20.78;22.53
20.78;22.53
20.78;22.53
20.78;22.53
20.78;22.53
20.78;22.53
20.78;22.53
20.78;22.53
20.78;22.53
20.78;22.53
20.78;22.53
20.78;22.53
20.78;22.53
20.78;22.53
20.78;22.53
20.77;22.53
20.77;22.53
20.77;22.53
20.77;22.53
20.77;22.53
20.77;22.53
20.77;22.53
20.76;22.53
20.76;22.53
20.76;22.53
20.76;22.53
20.76;22.53
20.75;22.53
20.76;22.53
20.75;22.53
20.75;22.53
20.75;22.53
20.75;22.53
20.75;22.53
20.75;22.53
20.75;22.53
20.76;22.53
20.76;22.53
20.76;22.53
20.76;22.53
20.76;22.53
20.76;22.53
20.76;22.53
20.76;22.53
20.76;22.53
20.76;22.53
20.76;22.53
20.76;22.53
20.76;22.53
20.76;22.53
20.76;22.53
20.76;22.53
20.77;22.53
20.77;22.53
20.77;22.53
20.77;22.53
20.77;22.53
20.77;22.53
20.77;22.53
20.77;22.53
20.77;22.53
20.77;22.53
20.77;22.53
20.77;22.53
20.77;22.53
20.77;22.53
20.77;22.53
20.77;22.53
20.77;22.53
20.77;22.53
20.77;22.53
20.77;22.53
20.78;22.53
20.77;22.53
20.78;22.53
20.77;22.53
20.77;22.53
20.77;22.53
20.77;22.53
20.77;22.53
20.77;22.53
20.77;22.53
20.77;22.53
20.77;22.53
20.77;22.53
20.77;22.53
20.77;22.53
20.77;22.53
20.77;22.53
20.77;22.53
20.77;22.53
20.77;22.53
20.77;22.53
20.77;22.53
20.77;22.53
20.77;22.53
20.77;22.53
20.77;22.53
20.77;22.53
20.77;22.53
20.77;22.53
20.77;22.53
20.77;22.53
20.78;22.53
20.77;22.53
20.78;22.53
20.77;22.53
20.77;22.53
20.78;22.53
20.77;22.53
20.77;22.53
20.77;22.53
20.77;22.53
20.78;22.53
20.77;22.53
20.78;22.53
20.77;22.53
20.77;22.53
20.78;22.53
20.78;22.53
20.78;22.53
20.78;22.53
20.78;22.53
20.78;22.53
20.78;22.53
20.78;22.53
20.78;22.53
20.78;22.53
20.78;22.53
20.78;22.53
20.78;22.53
20.78;22.53
20.78;22.53
20.78;22.53
20.78;22.53
20.78;22.53
20.78;22.53
20.78;22.53
20.78;22.53
20.78;22.53
20.78;22.53
20.78;22.53
20.78;22.53
20.78;22.53
20.78;22.53
20.78;22.53
20.78;22.53
20.78;22.53
20.78;22.53
20.78;22.53
20.78;22.53
20.78;22.53
20.78;22.53
20.78;22.53
20.78;22.53
20.78;22.53
20.78;22.53
20.78;22.53
20.78;22.53
20.78;22.53
20.78;22.53
20.78;22.53
20.78;22.53
20.78;22.53
20.78;22.53
20.78;22.53
20.78;22.53
20.78;22.53
20.78;22.53
20.78;22.53
20.78;22.53
20.78;22.53
20.78;22.53
20.78;22.53
20.78;22.53
20.78;22.53
20.78;22.53
20.78;22.53
20.78;22.53
20.78;22.53
20.78;22.53
20.78;22.53
20.78;22.53
20.78;22.53
20.78;22.53
20.78;22.53
20.78;22.53
20.78;22.53
20.78;22.53
20.78;22.53
20.78;22.53
20.77;22.53
20.78;22.53
20.77;22.53
20.77;22.53
20.78;22.53
20.77;22.53
20.77;22.53
20.77;22.53
20.77;22.53
20.77;22.53
20.77;22.53
20.77;22.53
20.77;22.53
20.77;22.53
20.78;22.53
20.77;22.53
20.78;22.53
20.78;22.53
20.78;22.53
20.78;22.53
20.78;22.53
20.78;22.53
20.78;22.53
20.77;22.53
20.77;22.53
20.78;22.53
20.77;22.53
20.77;22.53
20.78;22.53
20.77;22.53
20.77;22.53
20.77;22.53
20.77;22.53
20.77;22.53
20.77;22.53
20.77;22.53
20.77;22.53
20.77;22.53
20.77;22.53
20.78;22.53
20.77;22.53
20.77;22.53
20.77;22.53
20.77;22.53
20.78;22.53
20.78;22.53
20.78;22.53
20.77;22.53
20.78;22.53
20.77;22.53
20.77;22.53
20.78;22.53
20.77;22.53
20.77;22.53
20.77;22.53
20.77;22.53
20.77;22.53
20.77;22.53
20.77;22.53
20.77;22.53
20.77;22.53
20.77;22.53
20.77;22.53
20.77;22.53
20.77;22.53
20.77;22.53
20.77;22.53
20.77;22.53
20.77;22.53
20.78;22.53
20.77;22.53
20.78;22.53
20.77;22.53
20.77;22.53
20.77;22.53
20.78;22.53
20.77;22.53
20.77;22.53
20.78;22.53
20.78;22.53
20.77;22.53
20.77;22.53
20.78;22.53
20.77;22.53
20.78;22.53
20.77;22.53
20.77;22.53
20.77;22.53
20.77;22.53
20.77;22.53
20.77;22.53
20.77;22.53
20.77;22.53
20.77;22.53
20.77;22.53
20.77;22.53
20.78;22.53
20.77;22.53
20.77;22.53
20.77;22.53
20.77;22.53
20.77;22.53
20.78;22.53
20.77;22.53
20.77;22.53
20.77;22.53
20.77;22.53
20.77;22.53
20.77;22.53
20.77;22.53
20.77;22.53
20.77;22.53
20.78;22.53
20.77;22.53
20.77;22.53
20.78;22.53
20.77;22.53
20.77;22.53
20.77;22.53
20.77;22.53
20.77;22.53
20.77;22.53
20.78;22.53
20.77;22.53
20.77;22.53
20.77;22.53
20.77;22.53
20.77;22.53
20.78;22.53
20.77;22.53
20.78;22.53
20.77;22.53
20.77;22.53
20.78;22.53
20.77;22.53
20.77;22.53
20.77;22.53
20.77;22.53
20.77;22.53
20.77;22.53
20.77;22.53
20.77;22.53
20.77;22.53
20.77;22.53
20.77;22.53
20.78;22.53
20.77;22.53
20.77;22.53
20.78;22.53
20.77;22.53
20.77;22.53
20.77;22.53
20.78;22.53
20.77;22.53
20.77;22.53
20.78;22.53
20.77;22.53
20.78;22.53
20.77;22.53
20.78;22.53
20.77;22.53
20.77;22.53
20.77;22.53
20.77;22.53
20.77;22.53
20.77;22.53
20.77;22.53
20.77;22.53
20.77;22.53
20.77;22.53
20.77;22.53
20.77;22.53
20.77;22.53
20.77;22.53
20.77;22.53
20.77;22.53
20.77;22.53
20.77;22.53
20.77;22.53
20.77;22.53
20.77;22.53
20.77;22.53
20.77;22.53
20.77;22.53
20.77;22.53
20.77;22.53
20.77;22.53
20.77;22.53
20.77;22.53
20.77;22.53
20.77;22.53
20.77;22.53
20.77;22.53
20.77;22.53
20.77;22.53
20.77;22.53
20.77;22.53
20.77;22.53
20.77;22.53
20.77;22.53
20.77;22.53
20.77;22.53
20.77;22.53
20.77;22.53
20.77;22.53
20.77;22.53
20.77;22.53
20.77;22.53
20.77;22.53
20.77;22.53
20.77;22.53
20.77;22.53
20.77;22.53
20.77;22.53
20.77;22.53
20.77;22.53
20.77;22.53
20.77;22.53
20.77;22.53
20.77;22.53
20.77;22.53
20.77;22.53
20.77;22.53
20.77;22.53
20.77;22.53
20.77;22.53
20.77;22.53
20.77;22.53
20.77;22.53
20.77;22.53
20.77;22.53
20.77;22.53
20.77;22.53
20.77;22.53
20.77;22.53
20.77;22.53
20.77;22.53
20.77;22.53
20.77;22.53
20.77;22.53
20.77;22.53
20.77;22.53
20.78;22.53
20.77;22.53
20.77;22.53
20.77;22.53
20.77;22.53
20.77;22.53
20.77;22.53
20.77;22.53
20.77;22.53
20.77;22.53
20.77;22.53
20.77;22.53
20.77;22.53
20.77;22.53
20.77;22.53
20.77;22.53
20.77;22.53
20.77;22.53
20.77;22.53
20.77;22.53
20.77;22.53
20.77;22.53
20.77;22.52
20.77;22.52
20.77;22.52
20.77;22.52
20.77;22.52
20.77;22.52
20.77;22.52
20.77;22.52
20.77;22.52
20.77;22.53
20.77;22.52
20.77;22.52
20.77;22.52
20.78;22.52
20.77;22.52
20.77;22.52
20.77;22.52
20.77;22.52
20.77;22.52
20.77;22.52
20.77;22.52
20.77;22.52
20.77;22.52
20.77;22.52
20.77;22.52
20.77;22.52
20.77;22.52
20.77;22.52
20.77;22.52
20.77;22.52
20.77;22.52
20.77;22.52
20.77;22.52
20.77;22.52
20.77;22.52
20.77;22.52
20.77;22.52
20.78;22.52
20.77;22.52
20.78;22.52
20.77;22.52
20.77;22.52
20.77;22.52
20.77;22.52
20.77;22.52
20.77;22.52
20.77;22.52
20.77;22.52
20.77;22.52
20.77;22.52
20.77;22.52
20.77;22.52
20.77;22.52
20.77;22.52
20.77;22.52
20.77;22.52
20.77;22.52
20.77;22.52
20.77;22.52
20.77;22.52
20.77;22.52
20.77;22.52
20.77;22.52
20.77;22.52
20.77;22.52
20.77;22.52
20.77;22.52
20.77;22.52
20.77;22.52
20.77;22.52
20.77;22.52
20.77;22.52
20.77;22.52
20.77;22.52
20.77;22.52
20.77;22.52
20.77;22.52
20.77;22.52
20.77;22.52
20.77;22.52
20.77;22.52
20.77;22.52
20.77;22.52
20.77;22.52
20.77;22.52
20.77;22.52
20.77;22.52
20.77;22.52
20.77;22.52
20.77;22.52
20.77;22.52
20.77;22.52
20.77;22.52
20.77;22.52
20.77;22.52
20.77;22.52
20.77;22.52
20.77;22.52
20.77;22.52
20.77;22.52
20.77;22.52
20.77;22.52
20.77;22.52
20.77;22.52
20.77;22.52
20.77;22.52
20.77;22.52
20.77;22.52
20.77;22.52
20.77;22.52
20.77;22.52
20.77;22.52
20.77;22.52
20.77;22.52
20.77;22.52
20.77;22.52
20.77;22.52
20.77;22.52
20.77;22.52
20.77;22.52
20.77;22.52
20.77;22.52
20.77;22.52
20.77;22.52
20.77;22.52
20.77;22.52
20.77;22.52
20.77;22.52
20.77;22.52
20.77;22.52
20.77;22.52
20.77;22.52
20.77;22.52
20.77;22.52
20.77;22.52
20.77;22.52
20.77;22.52
20.77;22.52
20.77;22.52
20.77;22.52
20.77;22.52
20.77;22.52
20.77;22.52
20.77;22.52
20.77;22.52
20.77;22.52
20.77;22.52
20.77;22.52
20.77;22.52
20.77;22.52
20.77;22.52
20.77;22.52
20.77;22.52
20.77;22.52
20.77;22.52
20.77;22.52
20.77;22.52
20.77;22.52
20.77;22.52
20.77;22.52
20.77;22.52
20.77;22.52
20.77;22.52
20.77;22.52
20.77;22.52
20.77;22.52
20.77;22.52
20.77;22.52
20.77;22.52
20.77;22.52
20.77;22.52
20.77;22.52
20.77;22.52
20.77;22.52
20.77;22.52
20.77;22.52
20.77;22.52
20.77;22.52
20.77;22.52
20.77;22.52
20.77;22.52
20.77;22.52
20.77;22.52
20.77;22.52
20.77;22.52
20.77;22.52
20.77;22.52
20.77;22.52
20.77;22.52
20.77;22.52
20.77;22.52
20.77;22.52
20.77;22.52
20.77;22.52
20.77;22.52
20.77;22.52
20.77;22.52
20.77;22.52
20.77;22.52
20.77;22.52
20.77;22.52
20.77;22.51
20.77;22.51
20.77;22.51
20.77;22.51
20.77;22.52
20.77;22.52
20.77;22.52
20.77;22.52
20.77;22.52
20.77;22.52
20.77;22.52
20.77;22.52
20.76;22.52
20.76;22.52
20.77;22.52
20.76;22.52
20.76;22.52
20.76;22.51
20.76;22.51
20.76;22.51
20.76;22.51
20.76;22.51
20.77;22.51
20.76;22.51
20.76;22.51
20.77;22.51
20.76;22.51
20.76;22.51
20.77;22.51
20.76;22.51
20.77;22.51
20.76;22.51
20.76;22.51
20.76;22.51
20.76;22.51
20.76;22.51
20.76;22.51
20.76;22.51
20.76;22.51
20.76;22.51
20.76;22.51
20.76;22.51
20.76;22.51
20.77;22.51
20.76;22.51
20.76;22.51
20.77;22.51
20.77;22.51
20.77;22.51
20.77;22.51
20.76;22.51
20.77;22.51
20.77;22.51
20.77;22.51
20.77;22.51
20.77;22.51
20.77;22.51
20.77;22.51
20.77;22.51
20.77;22.51
20.77;22.51
20.77;22.51
20.77;22.51
20.77;22.51
20.77;22.51
20.77;22.51
20.77;22.51
20.77;22.51
20.77;22.51
20.77;22.51
20.77;22.51
20.77;22.51
20.77;22.51
20.77;22.51
20.77;22.51
20.77;22.51
20.77;22.51
20.77;22.51
20.77;22.51
20.77;22.51
20.77;22.51
20.77;22.51
20.77;22.51
20.77;22.51
20.77;22.51
20.77;22.51
20.77;22.51
20.77;22.51
20.77;22.51
20.77;22.51
20.77;22.51
20.77;22.51
20.77;22.51
20.77;22.51
20.57;22.42
20.57;22.42
20.57;22.42
20.57;22.42
20.57;22.42
20.57;22.42
20.57;22.42
20.57;22.42
20.57;22.42
20.57;22.42
20.57;22.42
20.57;22.42
20.57;22.42
20.57;22.42
20.57;22.42
20.57;22.42
20.57;22.42
20.57;22.42
20.57;22.42
20.57;22.42
20.57;22.42
20.56;22.42
20.56;22.42
20.56;22.42
20.56;22.42
20.56;22.42
20.57;22.42
20.56;22.42
20.56;22.42
20.56;22.42
20.56;22.42
20.56;22.42
20.56;22.42
20.56;22.42
20.56;22.42
20.56;22.42
20.56;22.42
20.56;22.42
20.56;22.42
20.57;22.42
20.56;22.42
20.56;22.42
20.56;22.42
20.56;22.42
20.57;22.42
20.57;22.42
20.56;22.42
20.57;22.42
20.56;22.42
20.56;22.42
20.56;22.42
20.56;22.42
20.56;22.42
20.56;22.42
20.56;22.42
20.56;22.42
20.56;22.42
20.56;22.42
20.56;22.42
20.56;22.42
20.56;22.42
20.56;22.42
20.56;22.42
20.56;22.42
20.56;22.42
20.56;22.42
20.56;22.42
20.56;22.42
20.56;22.42
20.56;22.42
20.56;22.42
20.56;22.42
20.56;22.42
20.56;22.42
20.56;22.42
20.56;22.42
20.56;22.42
20.56;22.42
20.56;22.42
20.56;22.42
20.56;22.42
20.55;22.42
20.55;22.42
20.56;22.42
20.55;22.42
20.55;22.42
20.55;22.42
20.55;22.42
20.56;22.42
20.55;22.42
20.55;22.42
20.56;22.42
20.55;22.42
20.55;22.42
20.55;22.42
20.55;22.42
20.55;22.42
20.55;22.42
20.55;22.42
20.56;22.42
20.55;22.42
20.55;22.42
20.55;22.42
20.56;22.42
20.55;22.42
20.55;22.42
20.55;22.42
20.55;22.42
20.56;22.42
20.56;22.42
20.56;22.42
20.55;22.42
20.55;22.42
20.55;22.42
20.55;22.42
20.55;22.42
20.55;22.42
20.55;22.42
20.55;22.42
20.55;22.42
20.55;22.42
20.56;22.42
20.56;22.42
20.55;22.42
20.55;22.42
20.55;22.42
20.55;22.42
20.55;22.42
20.55;22.42
20.55;22.42
20.55;22.42
20.55;22.42
20.55;22.42
20.55;22.42
20.55;22.42
20.56;22.42
20.55;22.42
20.55;22.42
20.55;22.42
20.55;22.42
20.55;22.42
20.55;22.42
20.55;22.42
20.55;22.42
20.55;22.42
20.55;22.42
20.55;22.42
20.55;22.42
20.55;22.42
20.55;22.42
20.55;22.42
20.55;22.42
20.55;22.42
20.55;22.42
20.55;22.42
20.55;22.42
20.55;22.42
20.55;22.42
20.55;22.42
20.55;22.42
20.55;22.42
20.55;22.42
20.55;22.42
20.55;22.42
20.55;22.42
20.55;22.42
20.55;22.42
20.55;22.42
20.55;22.42
20.55;22.42
20.55;22.42
20.55;22.42
20.55;22.42
20.55;22.42
20.55;22.42
20.55;22.42
20.55;22.42
20.55;22.42
20.54;22.42
20.54;22.42
20.54;22.42
20.54;22.42
20.54;22.42
20.55;22.42
20.54;22.42
20.54;22.42
20.54;22.42
20.54;22.42
20.55;22.42
20.55;22.42
20.55;22.42
20.55;22.42
20.55;22.42
20.55;22.42
20.55;22.42
20.55;22.42
20.55;22.42
20.55;22.42
20.55;22.42
20.55;22.42
20.55;22.42
20.55;22.42
20.55;22.42
20.55;22.42
20.55;22.42
20.55;22.42
20.55;22.42
20.55;22.42
20.55;22.41
20.55;22.42
20.55;22.41
20.55;22.41
20.55;22.41
20.55;22.42
20.55;22.41
20.55;22.42
20.55;22.41
20.55;22.41
20.55;22.41
20.55;22.41
20.55;22.41
20.55;22.41
20.55;22.41
20.55;22.41
20.54;22.41
20.54;22.41
20.55;22.41
20.54;22.41
20.54;22.41
20.54;22.41
20.54;22.41
20.54;22.41
20.54;22.41
20.54;22.41
20.54;22.41
20.54;22.41
20.54;22.41
20.55;22.41
20.55;22.41
20.54;22.41
20.54;22.41
20.54;22.41
20.54;22.41
20.54;22.41
20.54;22.41
20.54;22.41
20.54;22.41
20.54;22.41
20.54;22.41
20.54;22.41
20.54;22.41
20.54;22.41
20.54;22.41
20.54;22.41
20.54;22.41
20.54;22.41
20.55;22.41
20.54;22.41
20.54;22.41
20.54;22.41
20.54;22.41
20.54;22.41
20.54;22.41
20.54;22.41
20.54;22.41
20.54;22.41
20.54;22.41
20.54;22.41
20.54;22.41
20.54;22.41
20.54;22.41
20.54;22.41
20.54;22.41
20.54;22.41
20.54;22.41
20.54;22.41
20.54;22.41
20.54;22.41
20.54;22.41
20.54;22.41
20.54;22.41
20.54;22.41
20.55;22.41
20.54;22.41
20.54;22.41
20.54;22.41
20.54;22.41
20.54;22.41
20.54;22.41
20.54;22.41
20.54;22.41
20.54;22.41
20.54;22.41
20.54;22.41
20.54;22.41
20.54;22.41
20.54;22.41
20.54;22.41
20.54;22.41
20.54;22.41
20.54;22.41
20.54;22.41
20.54;22.41
20.54;22.41
20.54;22.41
20.54;22.41
20.54;22.41
20.54;22.41
20.54;22.41
20.54;22.41
20.54;22.41
20.55;22.41
20.54;22.41
20.54;22.41
20.54;22.41
20.54;22.41
20.54;22.41
20.54;22.41
20.54;22.41
20.54;22.41
20.54;22.41
20.54;22.41
20.54;22.41
20.54;22.41
20.54;22.41
20.54;22.41
20.54;22.41
20.54;22.41
20.54;22.41
20.54;22.41
20.54;22.41
20.54;22.41
20.54;22.41
20.54;22.41
20.54;22.41
20.54;22.41
20.53;22.41
20.53;22.41
20.53;22.41
20.53;22.41
20.53;22.41
20.53;22.41
20.53;22.41
20.53;22.41
20.53;22.41
20.53;22.41
20.53;22.41
20.53;22.41
20.53;22.41
20.54;22.41
20.54;22.41
20.53;22.41
20.53;22.41
20.53;22.41
20.53;22.41
20.53;22.41
20.53;22.41
20.53;22.41
20.53;22.41
20.53;22.41
20.53;22.41
20.54;22.41
20.53;22.41
20.53;22.41
20.53;22.41
20.53;22.41
20.53;22.41
20.53;22.41
20.53;22.41
20.53;22.41
20.53;22.41
20.53;22.41
20.53;22.41
20.53;22.41
20.53;22.41
20.53;22.41
20.53;22.41
20.53;22.41
20.53;22.41
20.53;22.41
20.53;22.41
20.53;22.41
20.53;22.41
20.53;22.41
20.53;22.41
20.53;22.41
20.53;22.41
20.53;22.41
20.53;22.41
20.53;22.41
20.53;22.41
20.53;22.41
20.53;22.41
20.53;22.41
20.53;22.41
20.53;22.41
20.53;22.41
20.53;22.41
20.53;22.41
20.53;22.41
20.53;22.41
20.53;22.41
20.53;22.41
20.53;22.41
20.53;22.41
20.53;22.41
20.53;22.41
20.52;22.41
20.52;22.41
20.53;22.41
20.52;22.41
20.53;22.41
20.52;22.41
20.52;22.41
20.52;22.41
20.53;22.41
20.52;22.41
20.52;22.41
20.53;22.41
20.53;22.41
20.52;22.41
20.52;22.41
20.52;22.41
20.52;22.41
20.52;22.41
20.52;22.41
20.52;22.41
20.52;22.41
20.52;22.41
20.52;22.41
20.53;22.41
20.52;22.41
20.52;22.41
20.52;22.41
20.52;22.41
20.52;22.41
20.52;22.41
20.52;22.41
20.52;22.41
20.52;22.41
20.53;22.41
20.53;22.41
20.53;22.41
20.53;22.41
20.53;22.41
20.53;22.41
20.53;22.41
20.52;22.41
20.52;22.41
20.52;22.41
20.52;22.41
20.52;22.41
20.52;22.41
20.52;22.41
20.52;22.41
20.52;22.41
20.52;22.41
20.52;22.41
20.52;22.41
20.53;22.41
20.53;22.41
20.52;22.41
20.53;22.41
20.52;22.41
20.52;22.41
20.52;22.41
20.53;22.41
20.52;22.41
20.52;22.41
20.53;22.41
20.52;22.41
20.52;22.41
20.52;22.41
20.53;22.41
20.52;22.41
20.52;22.41
20.52;22.41
20.52;22.41
20.52;22.41
20.52;22.41
20.52;22.41
20.52;22.41
20.52;22.41
20.52;22.41
20.52;22.41
20.52;22.41
20.52;22.41
20.52;22.41
20.52;22.41
20.52;22.41
20.52;22.4
20.51;22.4
20.51;22.4
20.52;22.4
20.51;22.4
20.51;22.4
20.51;22.4
20.51;22.4
20.52;22.4
20.51;22.4
20.51;22.41
20.51;22.4
20.51;22.4
20.51;22.4
20.51;22.41
20.52;22.4
20.51;22.4
20.52;22.4
20.52;22.4
20.52;22.4
20.52;22.4
20.52;22.4
20.52;22.4
20.52;22.4
20.52;22.4
20.51;22.4
20.52;22.4
20.52;22.4
20.52;22.4
20.52;22.4
20.52;22.4
20.52;22.4
20.51;22.4
20.51;22.4
20.51;22.4
20.52;22.4
20.52;22.4
20.52;22.4
20.52;22.4
20.51;22.4
20.51;22.4
20.51;22.4
20.51;22.4
20.52;22.4
20.51;22.4
20.51;22.4
20.51;22.4
20.51;22.4
20.51;22.4
20.51;22.4
20.51;22.4
20.51;22.4
20.52;22.4
20.51;22.4
20.52;22.4
20.51;22.4
20.52;22.4
20.52;22.4
20.51;22.4
20.52;22.4
20.52;22.4
20.52;22.4
20.52;22.4
20.52;22.4
20.52;22.4
20.52;22.4
20.52;22.4
20.52;22.4
20.52;22.4
20.51;22.4
20.51;22.4
20.51;22.4
20.51;22.4
20.51;22.4
20.52;22.4
20.51;22.4
20.51;22.4
20.51;22.4
20.51;22.4
20.51;22.4
20.51;22.4
20.51;22.4
20.51;22.4
20.51;22.4
20.51;22.4
20.51;22.4
20.51;22.4
20.51;22.4
20.51;22.4
20.51;22.4
20.51;22.4
20.51;22.4
20.52;22.4
20.51;22.4
20.51;22.4
20.51;22.4
20.51;22.4
20.51;22.4
20.51;22.4
20.52;22.4
20.51;22.4
20.51;22.4
20.51;22.4
20.51;22.4
20.52;22.4
20.51;22.4
20.51;22.4
20.51;22.4
20.51;22.4
20.51;22.4
20.51;22.4
20.51;22.4
20.51;22.4
20.51;22.4
20.51;22.4
20.51;22.4
20.51;22.4
20.51;22.4
20.51;22.4
20.51;22.4
20.5;22.4
20.51;22.4
20.51;22.4
20.51;22.4
20.51;22.4
20.51;22.4
20.51;22.4
20.51;22.4
20.51;22.4
20.51;22.4
20.51;22.4
20.51;22.4
20.51;22.4
20.51;22.4
20.51;22.4
20.51;22.4
20.51;22.4
20.51;22.4
20.51;22.4
20.51;22.4
20.51;22.4
20.51;22.4
20.51;22.4
20.51;22.4
20.51;22.4
20.51;22.4
20.51;22.4
20.51;22.4
20.51;22.4
20.51;22.4
20.51;22.4
20.51;22.4
20.51;22.4
20.51;22.4
20.51;22.4
20.51;22.4
20.51;22.4
20.51;22.4
20.51;22.4
20.51;22.4
20.51;22.4
20.5;22.4
20.5;22.4
20.5;22.4
20.5;22.4
20.5;22.4
20.5;22.4
20.51;22.4
20.5;22.4
20.5;22.4
20.5;22.4
20.51;22.4
20.5;22.4
20.5;22.4
20.51;22.4
20.5;22.4
20.5;22.4
20.5;22.4
20.5;22.4
20.51;22.4
20.5;22.4
20.51;22.4
20.51;22.4
20.51;22.4
20.51;22.4
20.51;22.4
20.51;22.4
20.51;22.4
20.51;22.4
20.5;22.4
20.51;22.4
20.5;22.4
20.5;22.4
20.5;22.4
20.5;22.4
20.5;22.4
20.51;22.4
20.51;22.4
20.51;22.4
20.5;22.4
20.5;22.4
20.5;22.4
20.5;22.4
20.5;22.4
20.5;22.4
20.5;22.4
20.51;22.4
20.51;22.4
20.5;22.4
20.5;22.4
20.5;22.4
20.5;22.4
20.5;22.4
20.5;22.4
20.51;22.4
20.5;22.4
20.5;22.4
20.5;22.4
20.5;22.4
20.5;22.4
20.5;22.4
20.5;22.4
20.5;22.4
20.5;22.4
20.5;22.4
20.5;22.4
20.5;22.4
20.5;22.4
20.5;22.4
20.5;22.4
20.5;22.4
20.5;22.4
20.5;22.4
20.5;22.4
20.5;22.4
20.5;22.4
20.5;22.4
20.5;22.4
20.5;22.4
20.5;22.4
20.5;22.4
20.5;22.4
20.49;22.4
20.49;22.4
20.49;22.4
20.49;22.4
20.49;22.4
20.49;22.4
20.49;22.4
20.49;22.4
20.49;22.4
20.5;22.4
20.49;22.4
20.49;22.39
20.49;22.39
20.49;22.39
20.49;22.39
20.5;22.39
20.49;22.39
20.49;22.39
20.49;22.39
20.5;22.39
20.49;22.39
20.49;22.39
20.5;22.39
20.49;22.39
20.49;22.39
20.49;22.39
20.49;22.39
20.49;22.39
20.49;22.39
20.49;22.39
20.49;22.39
20.49;22.39
20.49;22.39
20.49;22.39
20.5;22.39
20.49;22.39
20.49;22.39
20.49;22.39
20.49;22.39
20.49;22.39
20.49;22.39
20.49;22.39
20.49;22.39
20.49;22.39
20.49;22.39
20.49;22.39
20.49;22.39
20.49;22.39
20.49;22.39
20.49;22.39
20.49;22.39
20.49;22.39
20.49;22.39
20.49;22.39
20.49;22.39
20.49;22.39
20.49;22.39
20.49;22.39
20.49;22.39
20.49;22.39
20.49;22.39
20.49;22.39
20.49;22.39
20.49;22.39
20.49;22.39
20.49;22.39
20.49;22.39
20.49;22.39
20.49;22.39
20.49;22.39
20.49;22.39
20.49;22.39
20.49;22.39
20.49;22.39
20.49;22.39
20.49;22.39
20.49;22.39
20.49;22.39
20.49;22.39
20.49;22.39
20.49;22.39
20.49;22.39
20.49;22.39
20.49;22.39
20.49;22.39
20.48;22.39
20.49;22.39
20.49;22.39
20.49;22.39
20.49;22.39
20.49;22.39
20.49;22.39
20.48;22.39
20.48;22.39
20.49;22.39
20.49;22.39
20.49;22.39
20.76;22.49
20.76;22.49
20.76;22.49
20.76;22.49
20.76;22.49
20.75;22.49
20.75;22.49
20.75;22.49
20.75;22.49
20.75;22.49
20.75;22.49
20.75;22.49
20.75;22.49
20.75;22.49
20.75;22.49
20.75;22.49
20.75;22.49
20.75;22.49
20.75;22.49
20.75;22.49
20.75;22.49
20.75;22.49
20.75;22.49
20.75;22.49
20.75;22.49
20.75;22.49
20.75;22.49
20.75;22.49
20.75;22.49
20.75;22.49
20.76;22.49
20.75;22.49
20.75;22.49
20.75;22.49
20.76;22.49
20.75;22.49
20.75;22.49
20.75;22.49
20.75;22.49
20.76;22.49
20.75;22.49
20.75;22.49
20.75;22.49
20.76;22.49
20.76;22.49
20.76;22.49
20.76;22.49
20.76;22.49
20.76;22.49
20.75;22.49
20.75;22.49
20.75;22.49
20.75;22.49
20.76;22.49
20.75;22.49
20.76;22.49
20.76;22.49
20.76;22.49
20.76;22.49
20.76;22.49
20.76;22.49
20.76;22.49
20.76;22.49
20.76;22.49
20.76;22.49
20.76;22.49
20.76;22.49
20.76;22.49
20.76;22.49
20.76;22.49
20.76;22.49
20.76;22.49
20.76;22.49
20.76;22.49
20.76;22.49
20.76;22.49
20.76;22.49
20.76;22.49
20.76;22.49
20.76;22.49
20.76;22.49
20.76;22.49
20.76;22.49
20.76;22.49
20.76;22.49
20.76;22.49
20.76;22.49
20.76;22.49
20.76;22.49
20.76;22.49
20.76;22.49
20.76;22.49
20.76;22.49
20.76;22.49
20.76;22.49
20.76;22.49
20.76;22.49
20.76;22.49
20.76;22.49
20.76;22.49
20.76;22.49
20.76;22.49
20.76;22.49
20.76;22.49
20.76;22.49
20.76;22.49
20.76;22.49
20.76;22.49
20.76;22.49
20.77;22.49
20.76;22.49
20.76;22.49
20.76;22.49
20.76;22.49
20.76;22.49
20.76;22.49
20.76;22.49
20.76;22.49
20.76;22.49
20.76;22.49
20.76;22.49
20.76;22.49
20.76;22.49
20.76;22.49
20.76;22.49
20.76;22.49
20.76;22.49
20.76;22.49
20.76;22.49
20.76;22.49
20.76;22.49
20.76;22.49
20.76;22.49
20.76;22.49
20.76;22.49
20.76;22.49
20.76;22.49
20.76;22.49
20.76;22.49
20.76;22.49
20.76;22.49
20.76;22.49
20.76;22.49
20.76;22.49
20.76;22.49
20.76;22.49
20.76;22.49
20.76;22.49
20.76;22.49
20.76;22.49
20.76;22.49
20.76;22.49
20.76;22.49
20.76;22.49
20.76;22.49
20.76;22.49
20.75;22.49
20.76;22.49
20.76;22.49
20.76;22.49
20.75;22.49
20.76;22.49
20.76;22.49
20.76;22.49
20.76;22.49
20.75;22.49
20.76;22.49
20.76;22.49
20.76;22.49
20.76;22.49
20.76;22.49
20.76;22.49
20.76;22.49
20.76;22.49
20.76;22.49
20.76;22.49
20.76;22.49
20.76;22.49
20.76;22.49
20.76;22.49
20.75;22.49
20.76;22.49
20.76;22.49
20.76;22.49
20.76;22.49
20.76;22.49
20.76;22.49
20.76;22.49
20.76;22.49
20.76;22.49
20.76;22.49
20.76;22.49
20.76;22.49
20.76;22.49
20.75;22.49
20.75;22.49
20.75;22.49
20.76;22.49
20.75;22.49
20.76;22.49
20.75;22.49
20.75;22.49
20.75;22.49
20.76;22.49
20.76;22.49
20.76;22.48
20.76;22.48
20.76;22.49
20.76;22.49
20.76;22.49
20.76;22.49
20.76;22.48
20.76;22.48
20.76;22.48
20.76;22.48
20.76;22.49
20.76;22.49
20.76;22.48
20.76;22.48
20.76;22.48
20.76;22.48
20.76;22.48
20.76;22.48
20.76;22.48
20.76;22.48
20.76;22.48
20.76;22.48
20.76;22.48
20.76;22.48
20.76;22.48
20.76;22.48
20.76;22.48
20.76;22.48
20.76;22.48
20.76;22.48
20.76;22.48
20.76;22.48
20.76;22.48
20.76;22.48
20.76;22.48
20.76;22.48
20.76;22.48
20.76;22.48
20.76;22.48
20.76;22.48
20.76;22.48
20.76;22.48
20.76;22.48
20.76;22.48
20.76;22.48
20.76;22.48
20.76;22.48
20.76;22.48
20.76;22.48
20.76;22.48
20.76;22.48
20.76;22.48
20.76;22.48
20.76;22.48
20.76;22.48
20.76;22.48
20.76;22.48
20.76;22.48
20.76;22.48
20.76;22.48
20.76;22.48
20.76;22.48
20.75;22.48
20.75;22.48
20.76;22.48
20.75;22.48
20.75;22.48
20.75;22.48
20.75;22.48
20.75;22.48
20.75;22.48
20.75;22.48
20.75;22.48
20.75;22.48
20.75;22.48
20.75;22.48
20.75;22.48
20.75;22.48
20.75;22.48
20.75;22.48
20.76;22.48
20.76;22.48
20.75;22.48
20.75;22.48
20.75;22.48
20.75;22.48
20.75;22.48
20.75;22.48
20.75;22.48
20.76;22.48
20.76;22.48
20.76;22.48
20.76;22.48
20.76;22.48
20.76;22.48
20.75;22.48
20.76;22.48
20.75;22.48
20.75;22.48
20.76;22.48
20.75;22.48
20.76;22.48
20.76;22.48
20.76;22.48
20.76;22.48
20.76;22.48
20.76;22.48
20.76;22.48
20.75;22.48
20.75;22.48
20.76;22.48
20.75;22.48
20.75;22.48
20.75;22.48
20.75;22.48
20.75;22.48
20.76;22.48
20.76;22.48
20.76;22.48
20.76;22.48
20.76;22.48
20.76;22.48
20.76;22.48
20.76;22.48
20.75;22.48
20.75;22.48
20.75;22.48
20.75;22.48
20.75;22.48
20.75;22.48
20.76;22.48
20.75;22.48
20.75;22.48
20.75;22.48
20.75;22.48
20.76;22.48
20.75;22.48
20.75;22.48
20.75;22.48
20.76;22.48
20.75;22.48
20.75;22.48
20.75;22.48
20.75;22.48
20.75;22.48
20.75;22.48
20.75;22.48
20.75;22.48
20.75;22.48
20.75;22.48
20.75;22.48
20.75;22.48
20.75;22.48
20.75;22.48
20.75;22.48
20.75;22.48
20.75;22.48
20.75;22.48
20.75;22.48
20.75;22.48
20.76;22.48
20.75;22.48
20.76;22.48
20.75;22.48
20.75;22.48
20.75;22.48
20.75;22.48
20.75;22.48
20.75;22.48
20.75;22.48
20.75;22.48
20.75;22.48
20.75;22.48
20.75;22.48
20.75;22.48
20.75;22.48
20.75;22.48
20.75;22.48
20.75;22.48
20.75;22.48
20.75;22.48
20.75;22.48
20.75;22.48
20.75;22.48
20.75;22.47
20.75;22.47
20.75;22.48
20.75;22.48
20.75;22.47
20.75;22.47
20.75;22.48
20.75;22.47
20.75;22.47
20.75;22.48
20.75;22.47
20.75;22.47
20.75;22.47
20.75;22.48
20.75;22.47
20.75;22.47
20.75;22.47
20.75;22.47
20.75;22.47
20.75;22.47
20.75;22.47
20.75;22.47
20.75;22.47
20.75;22.47
20.75;22.47
20.75;22.47
20.75;22.47
20.75;22.47
20.75;22.47
20.75;22.47
20.75;22.47
20.75;22.47
20.75;22.47
20.75;22.47
20.75;22.47
20.75;22.47
20.75;22.47
20.75;22.47
20.75;22.47
20.75;22.47
20.75;22.47
20.75;22.47
20.75;22.47
20.75;22.47
20.75;22.47
20.75;22.47
20.76;22.47
20.75;22.47
20.76;22.47
20.75;22.47
20.75;22.47
20.75;22.47
20.75;22.47
20.75;22.47
20.75;22.47
20.75;22.47
20.75;22.47
20.75;22.47
20.75;22.47
20.75;22.47
20.75;22.47
20.75;22.47
20.75;22.47
20.75;22.47
20.75;22.47
20.75;22.47
20.75;22.47
20.74;22.47
20.74;22.47
20.75;22.47
20.75;22.47
20.75;22.47
20.75;22.47
20.75;22.47
20.75;22.47
20.75;22.47
20.75;22.47
20.75;22.47
20.75;22.47
20.75;22.47
20.75;22.47
20.75;22.47
20.75;22.47
20.75;22.47
20.75;22.47
20.75;22.47
20.75;22.47
20.75;22.47
20.75;22.47
20.74;22.47
20.74;22.47
20.75;22.47
20.75;22.47
20.74;22.47
20.74;22.47
20.75;22.47
20.75;22.47
20.75;22.47
20.74;22.47
20.74;22.47
20.75;22.47
20.75;22.47
20.75;22.47
20.75;22.47
20.75;22.47
20.75;22.47
20.74;22.47
20.75;22.47
20.75;22.47
20.75;22.47
20.75;22.47
20.75;22.47
20.75;22.47
20.74;22.47
20.75;22.47
20.75;22.47
20.74;22.47
20.75;22.47
20.75;22.47
20.74;22.47
20.74;22.47
20.75;22.47
20.75;22.47
20.75;22.47
20.75;22.47
20.75;22.47
20.75;22.47
20.75;22.47
20.75;22.47
20.75;22.47
20.74;22.47
20.75;22.47
20.75;22.47
20.75;22.47
20.75;22.47
20.75;22.47
20.75;22.47
20.74;22.47
20.75;22.47
20.75;22.47
20.74;22.47
20.74;22.47
20.74;22.47
20.74;22.47
20.74;22.47
20.74;22.47
20.74;22.47
20.74;22.47
20.74;22.47
20.74;22.47
20.75;22.47
20.74;22.47
20.74;22.47
20.74;22.47
20.74;22.47
20.74;22.47
20.74;22.47
20.74;22.47
20.74;22.47
20.74;22.47
20.74;22.47
20.75;22.47
20.74;22.47
20.74;22.47
20.74;22.47
20.74;22.47
20.74;22.47
20.74;22.47
20.74;22.47
20.74;22.47
20.74;22.47
20.74;22.47
20.74;22.47
20.74;22.47
20.74;22.47
20.74;22.47
20.74;22.47
20.74;22.47
20.74;22.47
20.74;22.47
20.74;22.47
20.74;22.47
20.74;22.47
20.74;22.47
20.74;22.47
20.74;22.47
20.74;22.47
20.74;22.47
20.74;22.47
20.74;22.47
20.74;22.47
20.74;22.47
20.74;22.47
20.74;22.47
20.74;22.47
20.74;22.47
20.74;22.47
20.74;22.47
20.74;22.47
20.74;22.47
20.74;22.47
20.74;22.46
20.74;22.47
20.74;22.47
20.74;22.47
20.74;22.47
20.74;22.47
20.74;22.47
20.74;22.47
20.74;22.47
20.74;22.47
20.74;22.46
20.74;22.46
20.74;22.46
20.74;22.46
20.74;22.46
20.74;22.46
20.74;22.46
20.74;22.46
20.74;22.46
20.74;22.46
20.74;22.46
20.74;22.46
20.74;22.46
20.74;22.46
20.74;22.46
20.74;22.46
20.74;22.46
20.74;22.46
20.74;22.46
20.74;22.46
20.74;22.46
20.74;22.46
20.74;22.46
20.74;22.46
20.74;22.46
20.74;22.46
20.73;22.46
20.73;22.46
20.73;22.46
20.74;22.46
20.74;22.46
20.74;22.46
20.74;22.46
20.74;22.46
20.74;22.46
20.74;22.46
20.74;22.46
20.74;22.46
20.74;22.46
20.74;22.46
20.74;22.46
20.73;22.46
20.74;22.46
20.73;22.46
20.74;22.46
20.74;22.46
20.74;22.46
20.74;22.46
20.73;22.46
20.73;22.46
20.73;22.46
20.73;22.46
20.74;22.46
20.73;22.46
20.74;22.46
20.74;22.46
20.74;22.46
20.74;22.46
20.74;22.46
20.74;22.46
20.74;22.46
20.74;22.46
20.74;22.46
20.74;22.46
20.74;22.46
20.74;22.46
20.74;22.46
20.74;22.46
20.74;22.46
20.74;22.46
20.74;22.46
20.74;22.46
20.73;22.46
20.74;22.46
20.74;22.46
20.74;22.46
20.74;22.46
20.74;22.46
20.74;22.46
20.74;22.46
20.73;22.46
20.73;22.46
20.74;22.46
20.74;22.46
20.74;22.46
20.74;22.46
20.74;22.46
20.74;22.46
20.74;22.46
20.74;22.46
20.74;22.46
20.74;22.46
20.74;22.46
20.74;22.46
20.74;22.46
20.74;22.46
20.74;22.46
20.74;22.46
20.74;22.46
20.74;22.46
20.74;22.46
20.74;22.46
20.73;22.46
20.74;22.46
20.74;22.46
20.74;22.46
20.74;22.46
20.74;22.46
20.74;22.46
20.74;22.46
20.74;22.46
20.74;22.46
20.74;22.46
20.74;22.46
20.74;22.46
20.74;22.46
20.74;22.46
20.74;22.46
20.74;22.46
20.74;22.46
20.74;22.46
20.74;22.46
20.74;22.46
20.74;22.46
20.74;22.46
20.74;22.46
20.74;22.46
20.74;22.46
20.74;22.46
20.74;22.46
20.74;22.46
20.74;22.46
20.74;22.46
20.74;22.46
20.74;22.46
20.74;22.46
20.74;22.46
20.74;22.46
20.74;22.46
20.74;22.46
20.74;22.46
20.74;22.46
20.74;22.46
20.74;22.46
20.74;22.46
20.74;22.46
20.74;22.46
20.74;22.46
20.73;22.46
20.73;22.46
20.74;22.46
20.74;22.46
20.73;22.46
20.73;22.46
20.74;22.46
20.74;22.46
20.74;22.46
20.74;22.46
20.74;22.46
20.74;22.46
20.74;22.46
20.74;22.46
20.74;22.46
20.74;22.46
20.74;22.46
20.74;22.46
20.74;22.46
20.74;22.46
20.74;22.46
20.74;22.46
20.74;22.46
20.74;22.46
20.74;22.46
20.73;22.46
20.73;22.46
20.74;22.45
20.73;22.46
20.74;22.46
20.73;22.45
20.73;22.45
20.74;22.45
20.73;22.46
20.73;22.46
20.73;22.46
20.74;22.45
20.74;22.45
20.74;22.45
20.74;22.45
20.74;22.45
20.74;22.46
20.74;22.46
20.74;22.46
20.74;22.46
20.74;22.46
20.74;22.45
20.74;22.45
20.74;22.45
20.74;22.45
20.74;22.45
20.74;22.45
20.74;22.45
20.74;22.45
20.74;22.45
20.74;22.45
20.74;22.45
20.74;22.45
20.74;22.45
20.74;22.45
20.74;22.45
20.74;22.45
20.74;22.45
20.74;22.46
20.74;22.45
20.74;22.45
20.74;22.45
20.73;22.45
20.73;22.45
20.73;22.45
20.73;22.45
20.73;22.45
20.73;22.45
20.73;22.45
20.73;22.45
20.73;22.45
20.73;22.45
20.74;22.45
20.73;22.45
20.73;22.45
20.74;22.45
20.74;22.45
20.74;22.45
20.74;22.45
20.74;22.45
20.74;22.45
20.74;22.45
20.74;22.45
20.74;22.45
20.74;22.45
20.74;22.45
20.74;22.45
20.74;22.45
20.74;22.45
20.74;22.45
20.74;22.45
20.74;22.45
20.74;22.45
20.74;22.45
20.74;22.45
20.74;22.45
20.74;22.45
20.74;22.45
20.74;22.45
20.74;22.45
20.74;22.45
20.74;22.45
20.74;22.45
20.74;22.45
20.73;22.45
20.73;22.45
20.73;22.45
20.73;22.45
20.73;22.45
20.73;22.45
20.74;22.45
20.73;22.45
20.73;22.45
20.73;22.45
20.73;22.45
20.73;22.45
20.73;22.45
20.74;22.45
20.74;22.45
20.73;22.45
20.74;22.45
20.74;22.45
20.74;22.45
20.73;22.45
20.74;22.45
20.74;22.45
20.74;22.45
20.74;22.45
20.74;22.45
20.74;22.45
20.74;22.45
20.74;22.45
20.74;22.45
20.74;22.45
20.74;22.45
20.74;22.45
20.74;22.45
20.74;22.45
20.74;22.45
20.74;22.45
20.74;22.45
20.74;22.45
20.74;22.45
20.74;22.45
20.74;22.45
20.74;22.45
20.74;22.45
20.74;22.45
20.74;22.45
20.74;22.45
20.74;22.45
20.74;22.45
20.74;22.45
20.74;22.45
20.74;22.45
20.74;22.45
20.74;22.45
20.74;22.45
20.74;22.45
20.74;22.45
20.74;22.45
20.74;22.45
20.74;22.45
20.74;22.45
20.74;22.45
20.74;22.45
20.74;22.45
20.74;22.45
20.74;22.45
20.74;22.45
20.74;22.45
20.74;22.45
20.74;22.45
20.74;22.45
20.74;22.45
20.74;22.45
20.74;22.45
20.74;22.45
20.74;22.45
20.74;22.45
20.74;22.45
20.74;22.45
20.74;22.45
20.74;22.45
20.74;22.45
20.74;22.45
20.74;22.45
20.74;22.45
20.74;22.45
20.74;22.45
20.74;22.45
20.74;22.45
20.74;22.45
20.74;22.45
20.74;22.45
20.74;22.45
20.74;22.45
20.74;22.45
20.74;22.45
20.74;22.45
20.74;22.45
20.74;22.45
20.74;22.45
20.74;22.45
20.74;22.45
20.74;22.45
20.74;22.45
20.74;22.45
20.74;22.45
20.74;22.45
20.74;22.45
20.73;22.45
20.74;22.45
20.73;22.45
20.73;22.45
20.73;22.45
20.73;22.45
20.73;22.45
20.73;22.45
20.73;22.45
20.73;22.45
20.73;22.45
20.73;22.45
20.73;22.45
20.74;22.45
20.74;22.45
20.74;22.45
20.74;22.45
20.74;22.45
20.73;22.45
20.74;22.45
20.74;22.45
20.74;22.45
20.74;22.45
20.73;22.45
20.73;22.45
20.73;22.45
20.74;22.45
20.73;22.45
20.73;22.45
20.73;22.45
20.73;22.45
20.73;22.45
20.74;22.45
20.73;22.45
20.73;22.45
20.73;22.45
20.73;22.45
20.73;22.45
20.73;22.45
20.73;22.45
20.73;22.45
20.73;22.45
20.73;22.45
20.73;22.45
20.73;22.45
20.73;22.45
20.73;22.45
20.73;22.45
20.73;22.45
20.73;22.45
20.73;22.45
20.74;22.45
20.74;22.45
20.74;22.45
20.74;22.45
20.74;22.45
20.74;22.45
20.74;22.45
20.74;22.45
20.74;22.45
20.74;22.45
20.74;22.45
20.74;22.45
20.74;22.45
20.74;22.45
20.73;22.45
20.74;22.45
20.74;22.45
20.74;22.45
20.73;22.45
20.74;22.45
20.73;22.45
20.73;22.45
20.74;22.45
20.74;22.45
20.74;22.45
20.73;22.45
20.74;22.45
20.74;22.45
20.74;22.45
20.74;22.45
20.73;22.45
20.73;22.45
20.73;22.45
20.73;22.45
20.73;22.45
20.73;22.45
20.74;22.45
20.73;22.45
20.73;22.45
20.73;22.45
20.73;22.45
20.74;22.45
20.73;22.45
20.73;22.45
20.73;22.45
20.73;22.45
20.73;22.45
20.73;22.45
20.73;22.45
20.73;22.45
20.73;22.45
20.73;22.45
20.73;22.45
20.73;22.45
20.73;22.45
20.73;22.45
20.73;22.45
20.73;22.45
20.73;22.45
20.73;22.45
20.73;22.45
20.73;22.45
20.73;22.45
20.73;22.45
20.73;22.45
20.73;22.45
20.73;22.45
20.73;22.45
20.73;22.45
20.74;22.45
20.73;22.45
20.73;22.45
20.73;22.45
20.73;22.45
20.73;22.45
20.73;22.45
20.73;22.45
20.73;22.45
20.73;22.45
20.73;22.45
20.73;22.45
20.73;22.45
20.73;22.45
20.73;22.45
20.73;22.45
20.73;22.45
20.73;22.45
20.73;22.45
20.73;22.45
20.73;22.45
20.73;22.45
20.73;22.45
20.73;22.45
20.73;22.45
20.73;22.45
20.72;22.45
20.72;22.45
20.73;22.45
20.72;22.45
20.72;22.45
20.72;22.45
20.72;22.45
20.72;22.45
20.72;22.45
20.72;22.45
20.72;22.45
20.72;22.45
20.72;22.45
20.72;22.45
20.72;22.45
20.72;22.45
20.72;22.45
20.72;22.45
20.72;22.45
20.73;22.45
20.72;22.45
20.73;22.45
20.73;22.45
20.73;22.45
20.73;22.45
20.73;22.45
20.73;22.45
20.73;22.45
20.73;22.45
20.72;22.45
20.73;22.45
20.73;22.45
20.73;22.45
20.72;22.45
20.73;22.45
20.73;22.45
20.73;22.45
20.73;22.45
20.73;22.45
20.73;22.45
20.73;22.45
20.73;22.45
20.73;22.45
20.73;22.45
20.73;22.45
20.72;22.45
20.72;22.45
20.72;22.45
20.73;22.45
20.72;22.45
20.73;22.45
20.72;22.45
20.72;22.45
20.73;22.45
20.72;22.45
20.72;22.45
20.72;22.45
20.72;22.45
20.72;22.45
20.72;22.45
20.72;22.45
20.72;22.45
20.72;22.45
20.72;22.45
20.72;22.45
20.72;22.45
20.72;22.45
20.72;22.45
20.73;22.45
20.73;22.45
20.72;22.45
20.72;22.45
20.72;22.45
20.73;22.45
20.72;22.45
20.72;22.45
20.73;22.45
20.72;22.45
20.72;22.45
20.72;22.45
20.72;22.45
20.72;22.45
20.72;22.45
20.72;22.45
20.73;22.45
20.72;22.45
20.72;22.45
20.72;22.45
20.72;22.45
20.72;22.45
20.72;22.45
20.72;22.45
20.72;22.45
20.72;22.45
20.72;22.45
20.72;22.45
20.72;22.45
20.72;22.45
20.72;22.45
20.72;22.45
20.72;22.45
20.72;22.45
20.72;22.45
20.72;22.45
20.72;22.45
20.72;22.45
20.72;22.45
20.72;22.45
20.73;22.45
20.72;22.45
20.72;22.45
20.72;22.45
20.73;22.45
20.72;22.45
20.72;22.45
20.72;22.45
20.72;22.45
20.72;22.45
20.72;22.45
20.72;22.45
20.72;22.45
20.72;22.45
20.72;22.45
20.72;22.45
20.72;22.45
20.72;22.45
20.72;22.45
20.72;22.45
20.72;22.45
20.72;22.45
20.72;22.45
20.72;22.45
20.72;22.45
20.72;22.45
20.72;22.45
20.72;22.45
20.72;22.45
20.72;22.45
20.72;22.45
20.72;22.45
20.72;22.45
20.72;22.45
20.72;22.45
20.72;22.45
20.72;22.45
20.72;22.45
20.72;22.45
20.72;22.45
20.72;22.45
20.72;22.45
20.72;22.45
20.72;22.45
20.72;22.45
20.72;22.45
20.72;22.45
20.72;22.45
20.72;22.45
20.72;22.45
20.72;22.45
20.72;22.45
20.72;22.45
20.72;22.45
20.72;22.45
20.72;22.45
20.72;22.45
20.72;22.45
20.72;22.45
20.72;22.45
20.72;22.45
20.72;22.45
20.72;22.45
20.72;22.45
20.72;22.45
20.72;22.45
20.72;22.45
20.72;22.45
20.72;22.45
20.72;22.45
20.72;22.45
20.72;22.45
20.72;22.45
20.72;22.45
20.72;22.45
20.72;22.45
20.72;22.45
20.72;22.45
20.72;22.45
20.72;22.45
20.72;22.45
20.72;22.45
20.72;22.45
20.72;22.45
20.8;22.52
20.8;22.52
20.8;22.52
20.8;22.52
20.8;22.52
20.8;22.52
20.8;22.53
20.8;22.52
20.8;22.53
20.8;22.53
20.8;22.53
20.8;22.52
20.8;22.52
20.8;22.52
20.8;22.52
20.8;22.52
20.8;22.52
20.8;22.52
20.8;22.52
20.8;22.52
20.8;22.52
20.8;22.52
20.8;22.52
20.81;22.52
20.8;22.53
20.81;22.52
20.8;22.53
20.81;22.53
20.81;22.53
20.81;22.53
20.81;22.53
20.81;22.53
20.81;22.53
20.81;22.53
20.81;22.52
20.81;22.52
20.81;22.53
20.81;22.53
20.81;22.52
20.81;22.52
20.81;22.52
20.81;22.52
20.81;22.52
20.81;22.53
20.81;22.52
20.81;22.52
20.81;22.52
20.81;22.52
20.81;22.52
20.81;22.52
20.81;22.53
20.81;22.53
20.81;22.53
20.81;22.53
20.81;22.53
20.81;22.53
20.81;22.53
20.81;22.53
20.81;22.53
20.81;22.53
20.81;22.53
20.81;22.53
20.81;22.53
20.81;22.53
20.81;22.53
20.81;22.53
20.81;22.53
20.81;22.53
20.81;22.53
20.81;22.53
20.81;22.53
20.8;22.53
20.8;22.53
20.8;22.53
20.8;22.53
20.81;22.53
20.81;22.53
20.8;22.53
20.8;22.53
20.8;22.53
20.8;22.53
20.8;22.53
20.8;22.53
20.8;22.53
20.8;22.53
20.8;22.53
20.8;22.53
20.8;22.53
20.8;22.53
20.8;22.53
20.8;22.53
20.8;22.53
20.8;22.53
20.8;22.53
20.8;22.53
20.8;22.53
20.8;22.53
20.8;22.53
20.8;22.53
20.8;22.53
20.8;22.53
20.8;22.53
20.8;22.53
20.8;22.53
20.8;22.53
20.8;22.53
20.8;22.53
20.8;22.53
20.8;22.53
20.8;22.53
20.8;22.53
20.8;22.53
20.8;22.53
20.8;22.53
20.8;22.53
20.8;22.53
20.8;22.53
20.8;22.53
20.8;22.53
20.8;22.53
20.8;22.53
20.8;22.53
20.8;22.53
20.8;22.53
20.81;22.53
20.81;22.53
20.8;22.53
20.8;22.53
20.8;22.53
20.8;22.53
20.81;22.53
20.8;22.53
20.8;22.53
20.8;22.53
20.8;22.53
20.8;22.53
20.81;22.53
20.8;22.53
20.8;22.53
20.8;22.53
20.8;22.53
20.8;22.53
20.8;22.53
20.8;22.53
20.8;22.53
20.8;22.53
20.8;22.53
20.8;22.53
20.81;22.53
20.8;22.53
20.8;22.53
20.81;22.53
20.8;22.53
20.81;22.53
20.8;22.53
20.8;22.53
20.81;22.53
20.81;22.53
20.81;22.53
20.81;22.53
20.81;22.53
20.81;22.53
20.81;22.53
20.81;22.53
20.81;22.53
20.81;22.53
20.81;22.53
20.81;22.53
20.81;22.53
20.81;22.53
20.81;22.53
20.81;22.53
20.81;22.53
20.81;22.53
20.81;22.53
20.81;22.53
20.81;22.53
20.81;22.53
20.81;22.53
20.81;22.53
20.81;22.53
20.81;22.53
20.81;22.53
20.81;22.53
20.81;22.53
20.81;22.53
20.81;22.53
20.81;22.53
20.81;22.53
20.8;22.53
20.8;22.53
20.8;22.53
20.8;22.53
20.8;22.53
20.8;22.53
20.8;22.53
20.8;22.53
20.8;22.53
20.8;22.53
20.8;22.53
20.8;22.53
20.8;22.53
20.8;22.53
20.8;22.53
20.8;22.53
20.8;22.53
20.8;22.53
20.8;22.53
20.8;22.53
20.8;22.53
20.8;22.53
20.8;22.53
20.8;22.53
20.8;22.53
20.8;22.53
20.81;22.53
20.81;22.53
20.8;22.53
20.81;22.53
20.8;22.53
20.8;22.53
20.8;22.53
20.8;22.53
20.8;22.53
20.8;22.53
20.8;22.53
20.8;22.53
20.8;22.53
20.8;22.53
20.8;22.53
20.8;22.53
20.8;22.53
20.8;22.53
20.8;22.53
20.8;22.53
20.8;22.53
20.8;22.53
20.8;22.53
20.8;22.53
20.8;22.53
20.8;22.53
20.8;22.53
20.8;22.53
20.8;22.53
20.8;22.53
20.8;22.53
20.8;22.53
20.8;22.53
20.8;22.53
20.8;22.53
20.8;22.53
20.8;22.53
20.8;22.53
20.8;22.53
20.8;22.53
20.8;22.53
20.8;22.53
20.8;22.53
20.8;22.53
20.8;22.53
20.8;22.53
20.8;22.53
20.8;22.53
20.8;22.53
20.8;22.53
20.8;22.53
20.8;22.53
20.8;22.53
20.8;22.53
20.8;22.53
20.8;22.53
20.8;22.53
20.8;22.53
20.8;22.53
20.8;22.53
20.8;22.53
20.8;22.53
20.8;22.53
20.8;22.53
20.8;22.53
20.8;22.53
20.8;22.53
20.8;22.53
20.8;22.53
20.8;22.53
20.8;22.53
20.8;22.53
20.8;22.53
20.8;22.53
20.8;22.53
20.8;22.53
20.8;22.53
20.8;22.53
20.8;22.53
20.8;22.53
20.8;22.53
20.8;22.53
20.8;22.53
20.8;22.53
20.8;22.53
20.8;22.53
20.8;22.53
20.8;22.53
20.8;22.53
20.8;22.53
20.8;22.53
20.8;22.53
20.8;22.53
20.8;22.53
20.8;22.53
20.8;22.53
20.8;22.53
20.8;22.53
20.8;22.53
20.8;22.53
20.8;22.53
20.8;22.53
20.8;22.53
20.8;22.53
20.8;22.53
20.8;22.53
20.8;22.53
20.8;22.53
20.8;22.53
20.8;22.53
20.8;22.53
20.8;22.53
20.8;22.53
20.8;22.53
20.8;22.53
20.8;22.53
20.8;22.53
20.8;22.53
20.8;22.53
20.8;22.53
20.8;22.53
20.8;22.53
20.8;22.53
20.8;22.53
20.8;22.53
20.8;22.53
20.8;22.53
20.8;22.53
20.8;22.53
20.8;22.53
20.8;22.53
20.8;22.53
20.8;22.53
20.8;22.53
20.8;22.53
20.8;22.53
20.8;22.53
20.8;22.53
20.8;22.53
20.8;22.53
20.8;22.53
20.8;22.53
20.8;22.53
20.8;22.53
20.8;22.53
20.8;22.53
20.8;22.53
20.8;22.53
20.8;22.53
20.8;22.53
20.8;22.53
20.8;22.53
20.8;22.53
20.8;22.53
20.8;22.53
20.79;22.53
20.79;22.53
20.8;22.53
20.8;22.53
20.79;22.53
20.79;22.53
20.79;22.53
20.79;22.53
20.79;22.53
20.79;22.53
20.79;22.53
20.79;22.53
20.79;22.53
20.79;22.53
20.79;22.53
20.79;22.53
20.79;22.53
20.79;22.53
20.8;22.53
20.79;22.53
20.79;22.53
20.79;22.53
20.79;22.53
20.79;22.53
20.79;22.53
20.79;22.53
20.79;22.53
20.79;22.53
20.79;22.53
20.79;22.53
20.8;22.53
20.79;22.53
20.8;22.53
20.79;22.53
20.8;22.53
20.79;22.53
20.8;22.53
20.8;22.53
20.79;22.53
20.79;22.53
20.79;22.53
20.79;22.53
20.8;22.53
20.8;22.53
20.8;22.53
20.8;22.53
20.8;22.53
20.8;22.53
20.8;22.53
20.79;22.53
20.8;22.53
20.79;22.53
20.79;22.53
20.8;22.53
20.79;22.53
20.8;22.53
20.8;22.53
20.8;22.53
20.79;22.53
20.79;22.53
20.79;22.53
20.79;22.53
20.8;22.53
20.8;22.53
20.8;22.53
20.8;22.53
20.8;22.53
20.8;22.53
20.8;22.53
20.8;22.53
20.8;22.53
20.8;22.53
20.8;22.53
20.8;22.53
20.8;22.53
20.8;22.53
20.8;22.53
20.81;22.53
20.81;22.53
20.8;22.53
20.81;22.53
20.81;22.53
20.81;22.53
20.81;22.53
20.81;22.53
20.81;22.53
20.81;22.53
20.81;22.53
20.81;22.53
20.81;22.53
20.81;22.53
20.81;22.53
20.81;22.53
20.81;22.53
20.81;22.53
20.81;22.53
20.81;22.53
20.81;22.53
20.81;22.53
20.81;22.53
20.81;22.53
20.81;22.53
20.81;22.53
20.81;22.53
20.81;22.53
20.81;22.53
20.81;22.53
20.81;22.53
20.81;22.53
20.81;22.53
20.81;22.53
20.81;22.53
20.81;22.53
20.81;22.53
20.81;22.53
20.81;22.53
20.81;22.53
20.81;22.53
20.81;22.53
20.81;22.53
20.81;22.53
20.81;22.53
20.81;22.53
20.81;22.53
20.81;22.53
20.81;22.53
20.81;22.53
20.81;22.53
20.81;22.53
20.81;22.53
20.81;22.53
20.81;22.53
20.81;22.53
20.81;22.53
20.81;22.53
20.81;22.53
20.81;22.53
20.81;22.53
20.81;22.53
20.81;22.53
20.81;22.53
20.81;22.53
20.81;22.53
20.81;22.53
20.81;22.53
20.81;22.53
20.81;22.53
20.81;22.53
20.81;22.53
20.81;22.53
20.81;22.53
20.81;22.53
20.81;22.53
20.81;22.53
20.81;22.53
20.81;22.53
20.81;22.53
20.81;22.53
20.81;22.53
20.81;22.53
20.81;22.53
20.81;22.53
20.81;22.53
20.81;22.53
20.81;22.53
20.81;22.53
20.81;22.53
20.81;22.53
20.81;22.53
20.81;22.53
20.81;22.53
20.81;22.53
20.81;22.53
20.81;22.53
20.81;22.53
20.81;22.53
20.81;22.53
20.81;22.53
20.81;22.53
20.8;22.53
20.8;22.53
20.8;22.53
20.8;22.53
20.8;22.53
20.8;22.53
20.8;22.53
20.8;22.53
20.8;22.53
20.8;22.53
20.8;22.53
20.8;22.53
20.8;22.53
20.8;22.53
20.8;22.53
20.8;22.53
20.8;22.53
20.8;22.53
20.8;22.53
20.81;22.53
20.8;22.53
20.8;22.53
20.8;22.53
20.8;22.53
20.8;22.53
20.8;22.53
20.8;22.53
20.8;22.54
20.8;22.54
20.8;22.53
20.81;22.53
20.8;22.53
20.8;22.53
20.8;22.53
20.8;22.53
20.81;22.53
20.81;22.53
20.81;22.53
20.81;22.53
20.81;22.53
20.8;22.53
20.8;22.53
20.8;22.53
20.8;22.53
20.8;22.53
20.8;22.53
20.8;22.53
20.8;22.53
20.81;22.53
20.81;22.53
20.81;22.53
20.8;22.53
20.8;22.54
20.8;22.54
20.81;22.54
20.8;22.54
20.81;22.54
20.81;22.54
20.8;22.54
20.8;22.54
20.81;22.54
20.8;22.54
20.8;22.54
20.8;22.54
20.8;22.54
20.8;22.54
20.8;22.54
20.81;22.54
20.8;22.54
20.8;22.54
20.8;22.54
20.8;22.54
20.8;22.54
20.8;22.54
20.8;22.54
20.8;22.54
20.8;22.54
20.8;22.54
20.8;22.54
20.8;22.54
20.8;22.54
20.8;22.54
20.8;22.54
20.8;22.54
20.8;22.54
20.8;22.54
20.81;22.54
20.8;22.54
20.81;22.54
20.81;22.54
20.81;22.54
20.81;22.54
20.81;22.54
20.81;22.54
20.81;22.54
20.81;22.54
20.81;22.54
20.81;22.54
20.81;22.54
20.81;22.54
20.81;22.54
20.81;22.54
20.81;22.54
20.81;22.54
20.81;22.54
20.81;22.54
20.81;22.54
20.81;22.54
20.81;22.54
20.81;22.54
20.81;22.54
20.81;22.54
20.81;22.54
20.81;22.54
20.81;22.54
20.81;22.54
20.81;22.54
20.81;22.54
20.81;22.54
20.81;22.54
20.81;22.54
20.81;22.54
20.81;22.54
20.81;22.54
20.81;22.54
20.81;22.54
20.81;22.54
20.81;22.54
20.81;22.54
20.81;22.54
20.81;22.54
20.81;22.54
20.81;22.54
20.81;22.54
20.81;22.54
20.81;22.54
20.81;22.54
20.81;22.54
20.81;22.54
20.81;22.54
20.81;22.54
20.81;22.54
20.81;22.54
20.81;22.54
20.81;22.54
20.81;22.54
20.81;22.54
20.81;22.54
20.81;22.54
20.81;22.54
20.81;22.54
20.81;22.54
20.81;22.54
20.81;22.54
20.81;22.54
20.81;22.54
20.8;22.54
20.8;22.54
20.8;22.54
20.8;22.54
20.8;22.54
20.8;22.54
20.8;22.54
20.8;22.54
20.8;22.54
20.8;22.54
20.8;22.54
20.8;22.54
20.8;22.54
20.8;22.54
20.8;22.54
20.8;22.54
20.8;22.54
20.8;22.54
20.8;22.54
20.8;22.54
20.8;22.54
20.8;22.54
20.8;22.54
20.8;22.54
20.8;22.54
20.8;22.54
20.8;22.54
20.81;22.54
20.8;22.54
20.8;22.54
20.8;22.54
20.8;22.54
20.8;22.54
20.8;22.54
20.8;22.54
20.8;22.54
20.8;22.54
20.8;22.54
20.8;22.54
20.8;22.54
20.8;22.54
20.8;22.54
20.8;22.54
20.8;22.54
20.8;22.54
20.8;22.54
20.8;22.54
20.8;22.54
20.8;22.54
20.8;22.54
20.8;22.54
20.8;22.54
20.8;22.54
20.8;22.54
20.8;22.54
20.8;22.54
20.8;22.54
20.8;22.54
20.8;22.54
20.8;22.54
20.8;22.54
20.8;22.54
20.8;22.54
20.8;22.54
20.81;22.54
20.8;22.54
20.8;22.54
20.8;22.54
20.81;22.54
20.81;22.54
20.8;22.54
20.8;22.54
20.8;22.54
20.81;22.54
20.81;22.54
20.8;22.54
20.81;22.54
20.8;22.54
20.81;22.54
20.8;22.54
20.8;22.54
13.1;22.54
20.8;22.67
20.8;22.67
20.8;22.67
20.8;22.67
20.8;22.67
20.8;22.67
20.8;22.67
20.8;22.67
20.8;22.67
13.1;22.67
20.8;22.67
20.8;22.67
20.8;22.67
20.8;22.67
20.8;22.67
20.8;22.67
20.8;22.67
20.8;22.67
20.8;22.67
20.8;22.67
20.8;22.67
20.8;22.67
20.8;22.67
20.8;22.67
20.8;22.67
20.8;22.67
20.8;22.67
