0;23.06
22.59;23.07
22.59;23.07
22.59;23.07
22.59;23.07
22.59;23.07
22.59;23.07
22.59;23.07
22.59;23.07
22.59;23.07
22.57;23.07
22.55;23.06
22.54;23.07
22.54;23.06
22.52;23.07
22.54;23.07
22.54;23.07
22.54;23.07
22.54;23.07
22.54;23.07
22.54;23.07
22.54;23.07
22.54;23.07
22.54;23.07
22.54;23.07
22.52;23.07
22.52;23.07
22.52;23.07
22.54;23.07
22.54;23.07
22.54;23.07
22.54;23.07
22.54;23.07
22.54;23.08
22.56;23.08
22.56;23.08
22.58;23.08
22.58;23.08
22.56;23.07
22.54;23.07
22.54;23.07
22.54;23.07
22.52;23.07
22.5;23.07
22.52;23.07
22.52;23.07
22.52;23.07
22.52;23.07
22.5;23.07
22.52;23.07
22.52;23.07
22.52;23.07
22.5;22.96
22.04;22.95
22.03;22.95
22.03;22.95
22.03;22.95
22.03;22.95
22.03;22.95
22.03;22.95
22.03;22.95
22.01;22.95
22.03;22.95
22.03;22.95
22.03;22.95
22.03;22.95
22.03;22.95
22.03;22.95
22.03;22.96
22.04;22.96
22.04;22.96
22.04;22.96
22.04;22.96
22.06;22.96
22.04;22.96
22.04;22.96
22.04;22.96
22.04;22.96
22.04;22.96
22.04;22.96
22.06;22.96
22.04;22.96
22.06;22.96
22.06;22.96
22.06;22.96
22.06;22.96
22.06;22.96
22.06;22.96
22.06;22.96
22.06;22.96
22.06;22.96
22.06;22.96
22.06;22.96
22.06;22.96
22.06;22.96
22.06;22.96
22.06;22.96
22.06;22.96
22.06;22.96
22.06;22.96
22.06;22.96
22.05;22.96
22.04;22.96
22.04;22.96
22.04;22.96
22.04;22.96
22.04;22.96
22.04;22.96
22.04;22.96
22.04;22.96
22.04;22.95
22.02;22.95
22.02;22.95
22.02;22.95
22.02;22.95
22.02;22.95
22.02;22.96
22.04;22.96
22.04;22.96
22.04;22.96
22.05;22.96
22.05;22.96
22.05;22.96
22.07;22.96
22.05;22.96
22.07;22.96
22.07;22.96
22.05;22.96
22.05;22.96
22.05;22.96
22.05;22.96
22.03;22.95
22.02;22.95
22.02;22.95
22.0;22.95
21.98;22.95
21.98;22.95
21.98;22.94
21.97;22.94
21.93;22.93
21.91;22.93
21.91;22.93
21.88;22.92
21.86;22.46
19.03;22.46
19.03;22.45
19.02;22.45
19.02;22.45
19.02;22.45
19.02;22.45
19.02;22.44
19.01;22.44
19.01;22.44
13.1;22.44
13.1;22.44
13.1;22.44
13.1;22.44
19.01;21.97
19.01;21.97
19.01;21.97
19.0;21.97
19.0;21.97
19.01;21.97
19.01;21.97
19.01;21.97
19.01;21.96
19.01;21.96
19.01;21.96
19.01;21.96
19.01;21.96
19.01;21.96
19.01;21.96
19.01;21.96
19.01;21.96
19.01;21.97
19.0;21.97
19.0;21.97
19.0;21.97
19.0;21.97
21.88;22.03
21.92;22.04
13.1;22.05
13.1;22.93
13.1;22.93
13.1;22.93
13.1;22.93
13.1;22.93
13.1;22.93
21.95;22.93
21.95;22.93
13.1;22.93
13.1;22.93
13.1;22.94
13.1;22.93
21.91;22.93
21.86;22.02
19.02;21.97
19.02;21.97
19.01;21.97
19.01;21.97
19.01;21.97
19.01;21.97
19.01;21.97
19.01;21.97
19.01;21.97
19.01;21.97
19.01;21.97
19.01;21.97
19.01;21.97
21.88;22.03
21.88;22.03
21.88;22.03
21.87;22.04
21.87;22.04
21.87;22.04
21.87;22.04
13.1;22.92
13.1;22.92
13.1;22.92
13.1;22.92
13.1;22.92
13.1;22.92
13.1;22.92
18.53;21.66
21.99;22.94
22.01;22.94
22.01;22.94
22.03;22.94
22.03;22.93
21.93;22.92
21.89;22.92
21.88;22.92
21.88;22.92
21.86;22.92
21.84;22.92
21.84;22.46
19.01;22.47
19.01;22.46
19.01;22.46
19.01;22.46
19.01;22.46
19.0;22.46
19.0;22.46
19.0;22.46
19.0;22.46
19.0;22.46
19.0;22.46
19.0;22.46
19.0;22.46
18.99;22.46
18.99;22.46
18.99;22.46
18.98;22.46
18.98;22.46
18.98;22.46
18.99;22.46
18.99;22.46
18.98;22.46
18.98;22.46
18.98;22.45
18.98;22.45
18.98;22.45
18.98;22.45
18.97;22.45
18.97;22.45
18.97;22.45
18.97;22.45
18.98;22.45
18.98;22.45
18.97;22.45
18.97;22.45
18.97;22.45
18.97;22.45
18.97;22.45
18.97;22.45
18.97;22.45
18.97;22.45
18.97;22.45
18.97;22.45
18.97;22.45
18.97;22.45
18.97;22.45
18.97;22.45
18.97;22.45
18.96;22.45
18.96;22.45
18.96;22.45
18.97;22.45
18.96;22.45
18.96;22.45
18.96;22.45
18.96;22.45
18.96;22.45
18.96;22.45
18.96;22.45
18.96;22.45
18.96;22.45
18.96;22.45
18.96;22.45
18.97;22.45
18.97;22.45
18.96;22.45
18.96;22.45
18.96;22.45
18.96;22.45
18.96;22.45
18.96;22.45
18.96;22.45
18.96;22.45
18.96;22.45
18.96;22.45
18.96;22.45
18.96;22.45
18.96;22.45
18.96;22.45
18.96;22.45
18.96;22.45
18.96;22.44
18.95;22.44
18.95;22.44
18.95;22.45
18.96;22.45
18.96;22.45
18.95;22.45
18.96;22.44
18.96;22.45
18.96;22.45
18.96;22.45
18.96;22.45
18.97;22.45
18.96;22.45
18.97;22.45
18.96;22.44
18.95;22.45
18.95;22.44
18.96;22.44
18.96;22.45
18.96;22.44
18.95;22.44
18.95;22.45
18.95;22.44
18.95;22.45
18.95;22.45
18.96;22.45
18.96;22.45
18.96;22.45
18.96;22.45
18.96;22.45
18.96;22.45
18.96;22.45
18.96;22.45
18.96;22.45
18.96;22.45
18.96;22.45
18.96;22.45
18.96;22.45
18.96;22.45
18.96;22.45
18.96;22.45
18.96;22.45
18.96;22.45
18.96;22.45
18.97;22.45
18.97;22.45
18.97;22.45
18.97;22.45
18.97;22.46
18.97;22.46
18.97;22.45
18.96;22.45
18.97;22.45
18.97;22.45
18.97;22.45
18.97;22.45
18.97;22.46
18.97;22.45
18.97;22.45
18.97;22.45
18.97;22.45
18.97;22.45
18.97;22.45
18.97;22.45
18.96;22.45
18.96;22.45
18.95;22.44
18.94;22.44
18.94;22.44
18.93;22.44
18.93;22.44
18.93;22.44
18.93;22.44
18.93;22.44
18.93;22.44
18.93;22.44
18.94;22.44
18.94;22.44
18.94;22.44
18.94;22.44
18.95;22.45
18.95;22.45
18.95;22.45
18.95;22.45
18.95;22.45
18.95;22.45
18.95;22.45
18.95;22.45
18.95;22.45
18.95;22.45
18.95;22.45
18.95;22.45
18.95;22.45
18.95;22.45
18.95;22.45
18.95;22.45
18.95;22.44
18.95;22.44
18.95;22.45
18.95;22.44
18.95;22.44
18.95;22.44
18.95;22.44
18.95;22.44
18.95;22.44
18.94;22.43
18.93;22.43
18.93;22.43
18.93;22.44
13.1;22.43
13.1;22.43
13.1;22.43
18.93;21.96
18.93;21.96
18.93;21.96
18.93;21.96
18.92;21.96
18.92;21.96
18.92;21.96
18.92;21.96
18.93;21.96
18.92;21.96
18.92;21.96
18.92;21.95
18.91;21.96
18.91;21.95
18.91;21.95
18.91;21.95
18.9;21.95
18.9;21.95
18.9;21.95
18.9;21.95
18.89;21.95
18.89;21.95
18.89;21.95
18.89;21.95
18.89;21.94
18.88;21.94
18.88;21.94
18.88;21.94
18.88;21.94
18.88;21.94
18.88;13.1
18.88;13.1
18.88;13.1
18.87;13.1
18.87;13.1
18.87;13.1
18.86;13.1
18.86;13.1
18.87;13.1
18.87;13.1
18.87;13.1
18.87;13.1
18.87;13.1
18.87;13.1
18.87;13.1
18.87;13.1
18.87;13.1
18.87;13.1
18.87;13.1
18.87;13.1
18.87;13.1
18.87;13.1
18.87;13.1
18.87;13.1
18.87;13.1
18.87;13.1
18.86;13.1
18.86;13.1
18.85;13.1
18.85;13.1
18.84;13.1
18.84;13.1
18.84;13.1
18.84;13.1
18.84;13.1
18.84;13.1
18.84;13.1
18.84;13.1
18.85;13.1
18.85;13.1
18.85;13.1
18.85;13.1
18.86;13.1
18.86;13.1
18.87;13.1
18.87;13.1
18.88;13.1
18.88;13.1
18.88;13.1
18.88;13.1
18.89;13.1
18.89;13.1
18.89;13.1
18.89;13.1
18.9;13.1
18.9;13.1
18.9;13.1
18.9;13.1
18.91;13.1
18.91;13.1
18.91;13.1
18.91;13.1
18.91;13.1
18.91;13.1
18.9;13.1
18.9;13.1
18.9;13.1
18.91;13.1
18.91;13.1
18.91;13.1
18.91;13.1
18.91;13.1
18.91;13.1
18.91;13.1
18.91;13.1
18.91;13.1
18.91;13.1
18.91;13.1
18.91;13.1
18.92;13.1
18.92;13.1
19.35;13.1
19.35;13.1
19.35;13.1
19.35;13.1
19.35;13.1
19.35;13.1
19.35;13.1
19.35;13.1
19.35;13.1
19.35;13.1
19.35;13.1
19.35;13.1
19.35;13.1
19.34;13.1
19.34;13.1
19.34;13.1
19.34;13.1
19.34;13.1
19.33;13.1
19.33;13.1
19.33;13.1
19.33;13.1
19.33;13.1
19.33;13.1
19.33;13.1
19.32;13.1
19.32;13.1
19.32;13.1
19.32;13.1
19.32;13.1
19.31;13.1
19.3;13.1
19.31;13.1
19.31;13.1
19.31;13.1
19.32;13.1
19.31;13.1
19.3;13.1
19.3;13.1
19.3;13.1
19.3;13.1
19.31;13.1
19.31;13.1
19.31;13.1
19.31;13.1
19.3;13.1
19.3;13.1
19.3;13.1
19.3;13.1
19.3;13.1
19.3;13.1
19.3;13.1
19.3;13.1
19.3;13.1
19.3;13.1
19.3;13.1
19.29;13.1
19.29;13.1
19.29;13.1
19.29;13.1
19.29;13.1
19.29;13.1
19.29;13.1
19.29;13.1
19.29;13.1
19.29;13.1
19.29;13.1
19.29;13.1
19.29;13.1
19.3;13.1
19.3;13.1
19.29;13.1
19.29;13.1
19.3;13.1
19.3;13.1
19.3;13.1
19.31;13.1
19.31;13.1
19.31;13.1
19.31;13.1
19.31;13.1
19.31;13.1
19.31;13.1
19.31;13.1
19.31;13.1
19.3;13.1
19.31;13.1
19.3;13.1
19.31;13.1
19.31;13.1
19.31;13.1
19.3;13.1
19.31;13.1
19.31;13.1
19.31;13.1
19.3;13.1
19.3;13.1
19.3;13.1
19.3;13.1
19.3;13.1
19.3;13.1
19.3;13.1
19.3;13.1
19.3;13.1
19.3;13.1
19.3;13.1
19.29;13.1
19.29;13.1
19.29;13.1
19.29;13.1
19.29;13.1
19.28;13.1
19.28;13.1
19.29;13.1
19.29;13.1
19.29;13.1
19.3;13.1
19.29;13.1
19.29;13.1
19.29;13.1
19.29;13.1
19.29;13.1
19.29;13.1
19.29;13.1
19.29;13.1
19.29;13.1
19.29;13.1
19.29;13.1
19.3;13.1
19.29;13.1
19.29;13.1
19.29;13.1
19.29;13.1
19.29;13.1
19.29;13.1
19.28;13.1
19.28;13.1
19.28;13.1
19.28;13.1
19.29;13.1
19.29;13.1
19.28;13.1
19.28;13.1
19.28;13.1
19.28;13.1
19.28;13.1
19.28;13.1
19.29;13.1
19.28;13.1
19.29;13.1
19.29;13.1
19.28;13.1
19.28;13.1
19.28;13.1
19.28;13.1
19.28;13.1
19.28;13.1
19.28;13.1
19.28;13.1
19.28;13.1
19.28;13.1
19.28;13.1
19.28;13.1
19.28;13.1
19.28;13.1
19.29;13.1
19.28;13.1
19.29;13.1
19.29;13.1
19.29;13.1
19.29;13.1
19.28;13.1
19.28;13.1
19.28;13.1
19.28;13.1
19.28;13.1
19.28;13.1
19.28;13.1
19.28;13.1
19.27;13.1
19.27;13.1
19.27;13.1
19.27;13.1
19.27;13.1
19.27;13.1
19.27;13.1
19.27;13.1
19.27;13.1
19.27;13.1
19.27;13.1
19.27;13.1
19.27;13.1
19.27;13.1
19.27;13.1
19.27;13.1
19.27;13.1
19.27;13.1
19.27;13.1
19.27;13.1
19.27;13.1
19.27;13.1
19.27;13.1
19.27;13.1
19.27;13.1
19.27;13.1
19.27;13.1
19.27;13.1
19.27;13.1
19.27;13.1
19.27;13.1
19.27;13.1
19.26;13.1
19.26;13.1
19.27;13.1
19.26;13.1
19.26;13.1
19.26;13.1
19.26;13.1
19.26;13.1
19.26;13.1
19.26;13.1
19.26;13.1
19.26;13.1
19.26;13.1
19.26;13.1
19.26;13.1
19.26;13.1
19.26;13.1
19.26;13.1
19.26;13.1
19.26;13.1
19.26;13.1
19.26;13.1
19.26;13.1
19.26;13.1
19.26;13.1
19.26;13.1
19.26;13.1
19.26;13.1
19.26;13.1
19.26;13.1
19.26;13.1
19.25;13.1
19.25;13.1
19.25;13.1
19.25;13.1
19.25;13.1
19.25;13.1
19.25;13.1
19.25;13.1
19.25;13.1
19.25;13.1
19.24;13.1
19.25;13.1
19.25;13.1
19.25;13.1
19.24;13.1
19.24;13.1
19.25;13.1
19.25;13.1
19.25;13.1
19.24;13.1
19.24;13.1
19.25;13.1
19.25;13.1
19.24;13.1
19.24;13.1
19.24;13.1
19.24;13.1
19.25;13.1
19.25;13.1
19.24;13.1
19.24;13.1
19.24;13.1
19.24;13.1
19.24;13.1
19.24;13.1
19.24;13.1
19.24;13.1
19.24;13.1
19.24;13.1
19.24;13.1
19.24;13.1
19.24;13.1
19.24;13.1
19.24;13.1
19.24;13.1
19.24;13.1
19.24;13.1
19.24;13.1
19.24;13.1
19.23;13.1
19.23;13.1
19.23;13.1
19.23;13.1
19.23;13.1
19.22;13.1
19.22;13.1
19.22;13.1
19.22;13.1
19.22;13.1
19.22;13.1
19.22;13.1
19.22;13.1
19.22;13.1
19.22;13.1
19.22;13.1
19.22;13.1
19.22;13.1
19.22;13.1
19.22;13.1
19.22;13.1
19.22;13.1
19.22;13.1
19.22;13.1
19.22;13.1
19.22;13.1
19.22;13.1
19.22;13.1
19.22;13.1
19.22;13.1
19.22;13.1
19.22;13.1
19.22;13.1
19.22;13.1
19.22;13.1
19.22;13.1
19.22;13.1
19.22;13.1
19.22;13.1
19.22;13.1
19.22;13.1
19.22;13.1
19.22;13.1
19.22;13.1
19.22;13.1
19.22;13.1
19.22;13.1
19.22;13.1
19.22;13.1
19.22;13.1
19.22;13.1
19.22;13.1
19.22;13.1
19.21;13.1
19.21;13.1
19.21;13.1
19.21;13.1
19.21;13.1
19.22;13.1
19.22;13.1
19.22;13.1
19.22;13.1
19.22;13.1
19.22;13.1
19.22;13.1
19.22;13.1
19.22;13.1
19.22;13.1
19.22;13.1
19.22;13.1
19.22;13.1
19.22;13.1
19.22;13.1
19.22;13.1
19.21;13.1
19.22;13.1
19.22;13.1
19.22;13.1
19.21;13.1
19.21;13.1
19.21;13.1
19.21;13.1
19.21;13.1
19.21;13.1
19.21;13.1
19.21;13.1
19.21;13.1
19.21;13.1
19.2;13.1
19.2;13.1
19.2;13.1
19.2;13.1
19.2;13.1
19.2;13.1
19.2;13.1
19.2;13.1
19.2;13.1
19.2;13.1
19.2;13.1
19.2;13.1
19.2;13.1
19.2;13.1
19.2;13.1
19.2;13.1
19.2;13.1
19.2;13.1
19.2;13.1
19.2;13.1
19.2;13.1
19.2;13.1
19.19;13.1
19.19;13.1
19.2;13.1
19.2;13.1
19.2;13.1
19.2;13.1
19.2;13.1
19.2;13.1
19.2;13.1
19.2;13.1
19.2;13.1
19.2;13.1
19.2;13.1
19.2;13.1
19.2;13.1
19.2;13.1
19.19;13.1
19.19;13.1
19.19;13.1
19.19;13.1
19.19;13.1
19.19;13.1
19.19;13.1
19.19;13.1
19.19;13.1
19.19;13.1
19.18;13.1
19.19;13.1
19.19;13.1
19.18;13.1
19.19;13.1
19.19;13.1
19.19;13.1
19.19;13.1
19.19;13.1
19.19;13.1
19.19;13.1
19.19;13.1
19.19;13.1
19.19;13.1
19.19;13.1
19.19;13.1
19.19;13.1
19.19;13.1
19.2;13.1
19.2;13.1
19.19;13.1
19.19;13.1
19.19;13.1
19.19;13.1
19.19;13.1
19.19;13.1
19.18;13.1
19.19;13.1
19.18;13.1
19.19;13.1
19.18;13.1
19.18;13.1
19.18;13.1
19.18;13.1
19.18;13.1
19.18;13.1
19.18;13.1
19.18;13.1
19.18;13.1
19.18;13.1
19.18;13.1
19.18;13.1
19.18;13.1
19.18;13.1
19.18;13.1
19.18;13.1
19.18;13.1
19.18;13.1
19.18;13.1
19.18;13.1
19.18;13.1
19.17;13.1
19.18;13.1
19.18;13.1
19.18;13.1
19.18;13.1
19.18;13.1
19.18;13.1
19.18;13.1
19.19;13.1
19.18;13.1
19.18;13.1
19.18;13.1
19.18;13.1
19.19;13.1
19.18;13.1
19.19;13.1
19.18;13.1
19.18;13.1
19.18;13.1
19.18;13.1
19.18;13.1
19.18;13.1
19.18;13.1
19.16;13.1
19.17;13.1
19.17;13.1
19.17;13.1
19.17;13.1
19.17;13.1
19.17;13.1
19.17;13.1
19.17;13.1
19.17;13.1
19.17;13.1
19.17;13.1
19.17;13.1
19.17;13.1
19.17;13.1
19.17;13.1
19.17;13.1
19.17;13.1
19.17;13.1
19.17;13.1
19.17;13.1
19.17;13.1
19.17;13.1
19.17;13.1
19.17;13.1
19.17;13.1
19.18;13.1
19.18;13.1
19.17;13.1
19.17;13.1
19.17;13.1
19.17;13.1
19.17;13.1
19.17;13.1
19.18;13.1
19.18;13.1
19.18;13.1
19.18;13.1
19.18;13.1
19.18;13.1
19.18;13.1
19.18;13.1
19.18;13.1
19.18;13.1
19.18;13.1
19.17;13.1
19.17;13.1
19.17;13.1
19.16;13.1
19.16;13.1
19.17;13.1
19.17;13.1
19.16;13.1
19.16;13.1
19.17;13.1
19.17;13.1
19.16;13.1
19.16;13.1
19.15;13.1
19.15;13.1
19.16;13.1
19.16;13.1
19.16;13.1
19.16;13.1
19.17;13.1
19.16;13.1
19.17;13.1
19.17;13.1
19.17;13.1
19.17;13.1
19.17;13.1
19.17;13.1
19.17;13.1
19.17;13.1
19.17;13.1
19.17;13.1
19.16;13.1
19.16;13.1
19.17;13.1
19.17;13.1
19.17;13.1
19.16;13.1
19.17;13.1
19.17;13.1
19.17;13.1
19.17;13.1
19.17;13.1
19.17;13.1
19.17;13.1
19.17;13.1
19.17;13.1
19.17;13.1
19.16;13.1
19.17;13.1
19.17;13.1
19.17;13.1
19.17;13.1
19.17;13.1
19.17;13.1
19.17;13.1
19.17;13.1
19.16;13.1
19.16;13.1
19.17;13.1
19.16;13.1
19.16;13.1
19.16;13.1
19.16;13.1
19.16;13.1
19.16;13.1
19.16;13.1
19.16;13.1
19.16;13.1
19.16;13.1
19.15;13.1
19.16;13.1
19.16;13.1
19.16;13.1
19.16;13.1
19.16;13.1
19.16;13.1
19.16;13.1
19.16;13.1
19.16;13.1
19.16;13.1
19.16;13.1
19.16;13.1
19.16;13.1
19.16;13.1
19.16;13.1
19.16;13.1
19.16;13.1
19.16;13.1
19.16;13.1
19.16;13.1
19.16;13.1
19.16;13.1
19.16;13.1
19.16;13.1
19.16;13.1
19.17;13.1
19.17;13.1
19.62;13.1
19.62;13.1
19.62;13.1
19.62;13.1
19.63;13.1
19.63;13.1
19.63;13.1
19.63;13.1
19.63;13.1
19.63;13.1
19.63;13.1
19.63;13.1
19.63;13.1
19.63;13.1
19.63;13.1
19.63;13.1
19.63;13.1
19.63;13.1
19.63;13.1
19.63;13.1
19.63;13.1
19.63;13.1
19.63;13.1
19.62;13.1
19.62;13.1
19.62;13.1
19.61;13.1
19.61;13.1
19.61;13.1
19.61;13.1
19.62;13.1
19.62;13.1
19.61;13.1
19.61;13.1
19.61;13.1
19.61;13.1
19.61;13.1
19.61;13.1
19.61;13.1
19.62;13.1
19.62;13.1
19.62;13.1
19.62;13.1
19.62;13.1
19.62;13.1
19.62;13.1
19.62;13.1
19.62;13.1
19.63;13.1
19.63;13.1
19.63;13.1
19.63;13.1
19.63;13.1
19.63;13.1
19.63;13.1
19.63;13.1
19.63;13.1
19.63;13.1
19.63;13.1
19.63;13.1
19.63;13.1
19.63;13.1
19.63;13.1
19.63;13.1
19.63;13.1
19.63;13.1
19.63;13.1
19.63;13.1
19.63;13.1
19.63;13.1
19.63;13.1
19.63;13.1
19.63;13.1
19.63;13.1
19.63;13.1
19.63;13.1
19.63;13.1
19.63;13.1
19.64;13.1
19.64;13.1
19.63;13.1
19.63;13.1
19.63;13.1
19.63;13.1
19.63;13.1
19.63;13.1
19.63;13.1
19.63;13.1
19.63;13.1
19.63;13.1
19.62;13.1
19.62;13.1
19.63;13.1
19.63;13.1
19.62;13.1
19.62;13.1
19.62;13.1
19.62;13.1
19.62;13.1
19.62;13.1
19.61;13.1
19.62;13.1
19.61;13.1
19.6;13.1
19.61;13.1
19.6;13.1
19.61;13.1
19.61;13.1
19.61;13.1
19.61;13.1
19.61;13.1
19.61;13.1
19.61;13.1
19.62;13.1
19.61;13.1
19.61;13.1
19.6;13.1
19.6;13.1
19.6;13.1
19.6;13.1
19.61;13.1
19.61;13.1
19.61;13.1
19.61;13.1
19.61;13.1
19.61;13.1
19.61;13.1
19.61;13.1
19.62;13.1
19.61;13.1
19.61;13.1
19.61;13.1
19.61;13.1
19.6;13.1
19.6;13.1
19.6;13.1
19.59;13.1
19.6;13.1
19.61;13.1
19.61;13.1
19.6;13.1
19.61;13.1
19.61;13.1
19.61;13.1
19.61;13.1
19.61;13.1
19.61;13.1
19.61;13.1
19.61;13.1
19.6;13.1
19.6;13.1
19.6;13.1
19.6;13.1
19.6;13.1
19.61;13.1
19.61;13.1
19.61;13.1
19.61;13.1
19.61;13.1
19.61;13.1
19.61;13.1
19.61;13.1
19.6;13.1
19.6;13.1
19.6;13.1
19.6;13.1
19.59;13.1
19.59;13.1
19.6;13.1
19.6;13.1
19.6;13.1
19.6;13.1
19.6;13.1
19.6;13.1
19.61;13.1
19.61;13.1
22.33;13.1
22.33;13.1
19.61;13.1
19.6;13.1
19.6;13.1
19.6;13.1
22.38;13.1
22.38;13.1
22.4;13.1
22.4;13.1
22.4;13.1
22.4;13.1
22.4;13.1
22.4;13.1
22.4;13.1
13.1;13.1
13.1;13.1
13.1;13.1
13.1;13.1
22.45;13.1
13.1;13.1
13.1;13.1
13.1;13.1
22.5;13.1
13.1;13.1
22.45;13.1
13.1;13.1
13.1;13.1
13.1;13.1
13.1;13.1
13.1;13.1
13.1;13.1
13.1;13.1
13.1;13.1
13.1;13.1
13.1;13.1
13.1;13.1
13.1;13.1
13.1;13.1
22.4;13.1
22.42;13.1
22.45;13.1
22.47;13.1
22.47;13.1
22.49;13.1
22.49;13.1
22.52;13.1
22.52;13.1
22.52;13.1
22.47;13.1
22.47;13.1
22.49;13.1
22.47;13.1
22.47;13.1
22.42;13.1
22.47;13.1
22.45;13.1
22.45;13.1
22.49;13.1
22.49;13.1
22.47;13.1
22.49;13.1
22.49;13.1
22.49;13.1
22.52;13.1
22.54;13.1
22.54;13.1
22.54;13.1
22.49;13.1
22.49;13.1
22.44;13.1
22.47;13.1
22.42;13.1
22.42;13.1
22.47;13.1
22.47;13.1
22.39;13.1
22.44;13.1
22.39;13.1
22.42;13.1
22.42;13.1
22.44;13.1
22.47;13.1
22.49;13.1
22.47;13.1
22.49;13.1
22.49;13.1
22.49;13.1
22.49;13.1
22.47;13.1
22.47;13.1
22.49;13.1
22.47;13.1
22.44;13.1
22.42;13.1
22.39;13.1
22.47;13.1
22.47;13.1
22.47;13.1
22.49;13.1
22.51;13.1
22.54;13.1
22.56;13.1
22.59;13.1
22.58;13.1
22.58;13.1
22.58;13.1
22.58;13.1
22.58;13.1
22.58;13.1
22.49;13.1
22.51;13.1
22.51;13.1
22.49;13.1
22.49;13.1
22.49;13.1
22.46;13.1
22.44;13.1
22.46;13.1
22.42;13.1
22.42;13.1
22.44;13.1
22.46;13.1
22.49;13.1
22.49;13.1
22.49;13.1
22.51;13.1
22.51;13.1
22.49;13.1
22.49;13.1
22.49;13.1
22.46;13.1
22.46;13.1
22.46;13.1
22.46;13.1
22.46;13.1
22.46;13.1
22.46;13.1
22.46;13.1
22.49;13.1
22.46;13.1
22.46;13.1
22.44;13.1
22.46;13.1
22.46;13.1
22.45;23.03
22.45;23.03
22.45;23.03
22.45;23.03
22.45;23.03
22.45;23.03
22.45;23.03
22.45;23.03
22.45;23.03
22.45;23.03
22.45;23.03
22.45;23.03
22.45;23.03
22.47;23.04
22.45;23.03
22.45;23.03
22.45;23.03
22.47;23.04
22.47;23.04
22.47;23.04
22.47;23.04
22.47;23.04
22.45;23.04
22.45;23.04
22.45;23.04
22.45;23.04
22.45;23.04
22.43;23.03
22.43;23.03
22.43;23.03
22.43;23.03
22.43;23.03
22.43;23.03
22.4;23.03
22.43;23.03
22.43;23.03
22.43;23.03
22.4;23.03
22.4;23.03
22.4;23.03
22.4;23.03
22.3;23.02
22.33;23.02
22.35;23.02
22.35;23.02
22.38;23.03
22.38;23.03
22.38;23.03
22.38;23.03
18.62;21.65
22.38;23.02
22.38;23.02
22.38;23.03
22.38;23.02
22.38;23.03
22.38;23.02
22.38;23.03
22.38;23.02
22.38;23.03
22.38;23.02
22.38;23.02
22.38;23.02
22.38;23.02
22.38;23.02
22.38;23.02
22.38;23.02
22.35;23.02
22.38;23.02
22.38;23.02
22.35;23.02
22.35;23.02
22.33;23.02
22.35;23.02
22.35;23.02
0;23.01
22.38;23.02
22.33;23.02
22.33;23.02
22.33;23.02
22.3;23.02
22.3;23.02
22.33;23.02
22.3;23.02
22.3;23.02
22.3;22.33
19.51;22.33
19.51;22.33
19.51;22.33
19.51;22.33
19.51;22.33
19.51;22.33
19.51;22.33
19.51;22.33
19.51;21.97
19.51;21.97
19.51;21.97
19.51;21.97
19.51;21.97
22.3;21.98
19.5;21.97
13.1;21.98
13.1;23.01
13.1;23.01
13.1;23.01
13.1;23.01
13.1;23.01
13.1;23.01
22.35;23.01
22.35;23.01
22.35;23.01
22.35;23.01
22.38;23.02
22.38;23.02
22.35;23.01
22.38;23.02
22.35;23.01
22.35;23.01
22.35;23.01
22.32;23.01
22.32;23.01
22.35;23.02
22.35;23.02
22.32;23.01
22.35;23.02
22.35;23.02
22.35;23.02
22.35;23.02
22.35;23.02
22.35;23.02
22.35;23.02
22.32;23.01
22.32;23.02
22.35;23.02
22.35;23.02
22.32;23.01
22.35;23.02
22.35;23.02
22.32;23.01
22.32;23.01
22.32;23.01
22.35;23.02
22.35;23.02
22.32;23.01
22.32;23.01
22.32;23.01
22.35;23.02
22.32;23.01
22.3;23.01
22.3;23.01
22.32;23.01
22.32;23.02
22.32;23.02
22.32;23.02
22.32;23.02
22.3;23.01
22.32;23.02
22.32;23.02
22.32;23.02
22.32;23.02
22.3;23.01
22.3;23.02
22.3;23.02
19.49;22.33
19.49;22.33
19.49;22.33
19.49;22.33
19.49;22.33
22.3;23.01
22.3;23.01
22.32;23.01
22.3;23.01
22.3;23.01
22.3;23.01
22.32;23.01
22.32;23.01
22.32;23.01
22.35;23.02
22.38;0
22.37;23.02
22.37;23.02
22.37;23.02
22.4;23.03
22.4;23.03
22.37;23.02
22.37;23.03
22.32;23.02
19.48;22.33
19.48;22.33
19.48;22.33
19.48;22.34
19.48;22.33
19.48;22.33
19.48;22.33
19.48;22.33
19.48;22.33
19.48;22.33
0;22.32
19.47;22.33
19.47;22.33
19.47;22.33
19.48;22.33
19.47;22.33
19.48;22.33
19.47;22.33
19.48;22.33
19.47;22.33
19.47;22.33
19.47;22.33
19.47;22.32
19.47;22.33
19.47;22.32
19.47;22.32
19.47;22.32
19.47;22.32
19.47;22.33
19.47;22.33
19.48;22.33
19.48;23.01
22.29;23.02
22.35;23.02
22.37;23.02
22.4;23.03
22.42;23.03
22.44;23.04
22.47;23.04
22.49;23.05
22.54;23.05
22.56;23.05
22.58;23.06
22.6;23.06
22.62;23.06
22.64;23.06
22.64;23.07
22.66;23.07
22.68;23.07
22.7;23.07
22.7;23.08
22.72;23.08
22.72;23.08
22.72;23.08
22.72;23.07
22.68;23.07
22.68;23.07
22.68;23.07
22.7;23.08
22.7;23.08
22.72;23.08
22.74;23.08
22.74;23.09
22.76;23.09
22.76;23.09
22.76;23.09
22.77;23.09
22.76;23.09
22.76;23.09
22.76;23.09
22.77;23.09
22.77;23.09
22.77;23.09
22.77;23.09
22.75;23.09
22.75;23.09
22.75;23.09
22.73;23.08
22.72;23.08
22.72;23.08
22.72;23.08
22.72;23.08
22.7;23.08
22.7;23.08
22.7;23.08
22.7;23.08
22.68;23.08
22.66;23.07
22.64;23.07
22.64;23.07
22.64;23.07
22.64;23.07
22.62;23.07
22.64;23.07
22.64;23.08
22.66;23.08
22.66;23.08
22.66;23.08
22.66;23.08
22.68;23.08
22.68;23.07
22.64;23.07
22.61;23.07
22.61;23.07
22.61;23.07
22.64;23.07
22.63;23.07
22.63;23.07
22.63;23.06
22.57;23.07
22.61;23.07
22.61;23.07
22.63;23.07
22.63;23.07
22.63;23.06
22.55;23.06
22.51;23.06
22.53;23.04
22.39;23.05
22.46;23.05
22.48;23.05
22.48;23.06
22.53;23.06
22.53;23.06
22.55;23.06
22.55;23.06
22.57;23.06
22.57;23.07
22.59;23.07
22.59;23.07
22.59;23.07
22.59;23.07
22.59;23.07
22.59;23.07
22.59;23.07
22.61;23.07
22.61;23.07
22.61;23.07
22.61;23.07
22.61;23.07
22.61;23.07
22.61;23.07
22.61;23.08
22.61;23.08
22.61;23.08
22.61;23.07
22.61;23.08
22.63;23.08
22.65;23.08
22.67;23.09
22.67;23.09
22.69;23.09
22.69;23.09
22.71;23.09
22.71;23.09
22.71;23.09
22.71;23.09
22.71;23.09
22.71;23.09
22.73;23.09
22.73;23.09
22.73;23.09
22.72;23.09
22.72;23.09
22.72;23.09
22.74;23.1
22.74;23.1
22.74;23.1
22.74;23.1
22.74;23.09
22.76;23.1
22.76;23.1
22.76;23.1
22.76;23.1
22.76;23.1
22.76;23.1
22.76;23.1
22.76;23.09
22.76;23.1
22.76;23.1
22.76;23.09
22.76;23.09
22.76;23.09
22.76;23.09
22.76;23.09
22.76;23.09
22.76;23.09
22.76;23.09
22.76;23.09
22.76;23.09
22.76;23.09
22.76;23.09
22.76;23.09
22.76;23.09
22.76;23.09
22.76;23.09
22.76;23.09
22.76;23.09
22.76;23.09
22.76;23.09
22.76;23.09
22.76;23.09
22.76;23.09
22.76;23.09
22.76;23.09
22.76;23.09
22.76;23.09
22.76;23.09
22.76;23.09
22.76;23.09
22.76;23.09
22.76;23.09
22.76;23.09
22.76;23.09
22.76;23.09
22.76;23.09
22.76;23.09
22.76;23.09
22.76;23.09
22.76;23.09
22.76;23.09
22.76;23.09
22.76;23.09
22.76;23.09
22.76;23.09
22.76;23.09
22.76;23.09
22.78;23.09
22.78;23.09
22.78;23.09
22.78;23.09
22.78;23.09
22.78;23.09
22.77;23.09
22.77;23.09
22.77;23.09
22.77;23.09
22.77;23.09
22.77;23.09
22.77;23.09
22.77;23.09
22.77;23.09
22.77;23.09
22.77;23.09
22.77;23.09
22.77;23.09
22.77;23.09
22.76;23.09
22.76;23.09
22.76;23.09
22.76;23.09
22.76;23.09
22.76;23.09
22.75;23.09
22.75;23.09
22.75;23.09
22.75;23.09
22.75;23.09
22.75;23.09
22.75;23.09
22.75;23.09
22.75;23.09
22.75;23.09
22.75;23.09
22.73;23.08
22.73;23.08
22.72;23.08
22.72;23.08
22.7;23.08
22.7;23.08
22.7;23.08
22.7;23.08
22.7;23.08
22.7;23.08
22.7;23.08
22.7;23.08
22.7;23.08
22.7;23.08
22.7;23.08
22.68;23.08
22.68;23.08
22.66;23.08
22.66;23.07
22.66;23.08
22.66;23.08
22.66;23.08
22.66;23.08
22.66;23.08
22.66;23.08
22.66;23.08
22.66;23.08
22.66;23.08
22.66;23.08
22.66;23.08
22.66;23.08
22.66;23.08
22.66;23.08
22.66;23.08
22.66;23.08
22.66;23.08
22.66;23.08
22.66;23.08
22.66;23.07
22.66;23.08
22.65;23.07
22.65;23.08
22.65;23.08
22.65;23.08
22.65;23.08
22.65;23.08
22.65;23.08
22.65;23.07
22.63;23.07
22.63;23.07
22.63;23.07
22.63;23.07
22.63;23.07
22.63;23.07
22.63;23.07
22.63;23.07
22.63;23.07
22.63;23.07
22.63;23.07
22.61;23.07
22.61;23.07
22.61;23.07
22.61;23.07
22.61;23.07
22.61;23.07
22.61;23.07
22.61;23.07
22.61;23.07
22.61;23.07
22.61;23.07
22.61;23.07
22.61;23.07
22.61;23.07
22.61;23.07
22.61;23.07
22.61;23.07
22.61;23.07
22.61;23.07
22.61;23.07
22.61;23.07
22.61;23.07
22.61;23.07
22.61;23.07
22.61;23.07
22.59;23.07
22.59;23.07
22.59;23.07
22.59;23.07
22.59;23.07
22.59;23.07
22.59;23.07
22.59;23.07
22.59;23.07
22.59;23.07
22.59;23.07
22.59;23.07
22.59;23.07
22.57;23.06
22.57;23.06
22.57;23.06
22.55;23.06
22.55;23.06
22.55;23.06
22.55;23.06
22.55;23.06
22.55;23.06
22.55;23.06
22.55;23.06
22.55;23.06
22.55;23.06
22.55;23.06
22.57;23.06
22.57;23.06
22.57;23.06
22.57;23.06
22.57;23.06
22.57;23.06
22.57;23.06
22.57;23.06
22.57;23.06
22.57;23.06
22.57;23.06
22.56;23.06
22.56;23.06
22.58;23.07
22.56;23.06
22.56;23.06
22.56;23.06
22.56;23.06
22.56;23.06
22.54;23.06
22.54;23.06
22.54;23.06
22.54;23.06
22.54;23.06
22.54;23.06
22.54;23.06
22.54;23.06
22.54;23.06
22.54;23.06
22.54;23.06
22.52;23.06
22.52;23.06
22.52;23.06
22.52;23.06
22.52;23.06
22.52;23.06
22.52;23.06
22.52;23.06
22.52;23.06
22.52;23.06
22.52;23.06
22.07;22.95
22.07;22.95
22.07;22.95
22.07;22.95
22.05;22.95
22.07;22.95
22.07;22.95
22.07;22.95
22.07;22.95
22.07;22.95
22.07;22.95
22.06;22.95
22.07;22.95
22.07;22.95
22.07;22.95
22.07;22.95
22.07;22.95
22.07;22.95
22.07;22.95
22.07;22.95
22.06;22.95
22.06;22.95
22.06;22.95
22.06;22.95
22.06;22.95
22.06;22.95
22.06;22.95
22.06;22.95
22.06;22.95
22.05;22.95
22.05;22.95
22.05;22.95
22.05;22.95
22.05;22.95
22.06;22.95
22.06;22.95
22.05;22.95
22.05;22.95
22.05;22.95
22.05;22.95
22.05;22.95
22.05;22.95
22.05;22.95
22.03;22.95
22.03;22.95
22.03;22.95
22.03;22.95
22.03;22.95
22.03;22.95
22.03;22.95
22.03;22.95
22.03;22.95
22.03;22.95
22.03;22.95
22.03;22.95
22.03;22.95
22.03;22.95
22.03;22.95
22.01;22.94
22.01;22.94
22.01;22.94
22.01;22.94
21.99;22.94
21.99;22.94
21.99;22.94
21.99;22.94
21.99;22.94
21.99;22.94
21.99;22.94
21.99;22.94
21.99;22.94
21.99;22.94
21.99;22.94
21.99;22.94
21.97;22.94
21.97;22.94
21.97;22.94
21.97;22.94
21.97;22.94
21.97;22.94
21.97;22.94
21.97;22.94
21.97;22.94
21.97;22.94
21.97;22.94
21.95;22.93
21.96;22.93
21.96;22.93
21.96;22.93
21.95;22.93
21.94;22.93
21.94;22.93
21.94;22.93
21.94;22.93
21.94;22.93
21.94;22.93
21.94;22.93
21.94;22.93
21.94;22.93
21.92;22.93
21.92;22.93
21.92;22.93
21.92;22.93
21.92;22.93
21.92;22.93
21.92;22.93
13.1;22.93
21.92;22.93
21.92;22.93
21.92;22.93
21.92;22.93
21.92;22.93
13.1;22.93
13.1;22.93
21.92;22.93
21.92;22.93
21.92;22.93
21.92;22.93
13.1;22.93
13.1;22.93
13.1;22.93
13.1;22.93
21.92;22.93
13.1;22.93
13.1;22.93
13.1;22.93
13.1;22.93
13.1;22.93
13.1;22.93
13.1;22.93
13.1;22.93
13.1;22.93
13.1;22.93
13.1;22.93
13.1;22.93
13.1;22.93
13.1;22.93
13.1;22.93
13.1;22.93
13.1;22.93
13.1;22.93
13.1;22.93
13.1;22.93
13.1;22.93
13.1;22.93
13.1;22.93
13.1;22.93
13.1;22.93
13.1;22.93
13.1;22.93
13.1;22.93
13.1;22.93
13.1;22.93
13.1;22.93
13.1;22.93
13.1;22.93
13.1;22.93
13.1;22.93
13.1;22.93
13.1;22.93
13.1;22.93
13.1;22.93
13.1;22.93
13.1;22.93
13.1;22.93
13.1;22.92
13.1;22.93
13.1;22.92
13.1;22.92
13.1;22.92
13.1;22.92
13.1;22.92
13.1;22.92
13.1;22.92
13.1;22.92
13.1;22.92
13.1;22.92
13.1;22.92
13.1;22.92
13.1;22.92
13.1;22.92
13.1;22.92
13.1;22.92
13.1;22.92
21.88;22.92
13.1;22.03
13.1;22.92
21.88;22.92
13.1;22.03
13.1;22.92
13.1;22.92
13.1;22.92
13.1;22.92
13.1;22.92
13.1;22.92
13.1;22.92
13.1;22.92
21.86;22.92
13.1;22.03
13.1;22.92
13.1;22.92
13.1;22.92
13.1;22.92
13.1;22.92
13.1;22.92
13.1;22.92
13.1;22.92
13.1;22.92
13.1;22.92
21.86;22.92
13.1;22.03
13.1;22.45
13.1;22.45
19.03;22.45
19.02;21.97
13.1;21.97
13.1;22.45
13.1;22.45
13.1;22.45
19.02;22.45
13.1;21.97
13.1;22.45
13.1;22.45
13.1;22.45
13.1;22.45
13.1;22.45
13.1;22.45
13.1;22.45
13.1;22.45
19.02;22.45
13.1;21.97
13.1;22.45
13.1;22.45
13.1;22.45
19.02;22.45
13.1;21.97
13.1;22.45
19.02;22.45
19.02;21.97
13.1;21.97
19.03;22.45
13.1;21.97
13.1;22.45
13.1;22.92
13.1;22.92
13.1;22.92
13.1;22.92
21.86;22.92
21.86;22.04
13.1;22.04
21.86;22.92
21.86;22.04
21.86;22.04
21.86;22.04
19.02;21.97
13.1;21.97
19.02;22.45
13.1;21.97
13.1;22.45
13.1;22.45
13.1;22.45
19.02;22.45
13.1;21.97
13.1;22.45
13.1;22.45
13.1;22.45
13.1;22.45
19.02;22.45
19.02;21.97
13.1;21.97
19.02;22.45
13.1;21.97
13.1;22.45
19.01;22.45
13.1;21.97
19.02;22.45
13.1;21.97
13.1;22.45
13.1;22.45
13.1;22.45
19.02;22.45
13.1;21.97
19.02;22.45
19.02;21.97
19.02;21.97
19.01;21.97
19.01;21.97
13.1;21.97
19.01;22.45
13.1;21.97
13.1;22.45
13.1;22.45
13.1;22.45
19.01;22.45
13.1;21.97
13.1;22.45
13.1;22.45
19.01;22.45
13.1;21.97
13.1;22.45
13.1;22.45
19.01;22.45
13.1;21.97
13.1;22.45
19.01;22.45
19.01;21.97
19.01;21.97
13.1;21.97
13.1;22.45
19.01;22.45
19.01;21.97
13.1;21.97
19.01;22.45
19.01;21.97
13.1;21.97
19.01;22.45
19.01;21.97
13.1;21.97
13.1;22.45
13.1;22.45
19.01;22.45
19.01;21.97
13.1;21.97
19.01;22.45
13.1;21.97
13.1;22.45
19.01;22.45
19.01;21.97
13.1;21.97
19.0;22.45
13.1;21.97
13.1;22.45
13.1;22.45
13.1;22.45
13.1;22.45
13.1;22.45
19.0;22.45
13.1;21.97
13.1;22.45
19.0;22.45
19.0;21.97
13.1;21.97
19.0;22.45
13.1;21.97
19.0;22.45
19.0;21.97
19.0;21.97
13.1;21.97
13.1;22.45
13.1;22.45
13.1;22.45
13.1;22.45
13.1;22.45
19.0;22.45
13.1;21.97
19.0;22.45
13.1;21.97
19.0;22.45
13.1;21.97
13.1;22.45
19.0;22.45
19.0;21.97
19.0;21.97
19.0;21.97
19.0;21.97
13.1;21.97
19.0;22.45
19.0;21.97
19.0;21.97
19.0;21.97
19.0;21.97
19.0;21.97
19.0;21.97
19.0;21.97
19.0;21.97
19.0;21.97
19.0;21.97
13.1;21.97
19.0;22.45
19.0;21.97
19.0;21.97
19.0;21.97
19.0;21.97
19.0;21.97
19.0;21.97
19.0;21.97
13.1;21.97
19.0;22.45
19.0;21.97
19.0;21.97
19.0;21.97
19.0;21.97
19.0;21.97
19.0;21.97
19.0;21.97
19.0;21.97
19.0;21.97
19.0;21.97
19.0;21.97
19.0;21.97
19.0;21.97
19.0;21.97
19.0;21.97
19.0;21.97
19.0;21.97
13.1;21.97
13.1;22.45
13.1;22.45
19.0;22.45
19.0;21.97
13.1;21.97
19.0;22.45
19.0;21.97
13.1;21.97
19.0;22.45
19.0;21.97
19.0;21.97
19.0;21.97
19.0;21.97
19.0;21.97
19.0;21.97
18.99;21.97
18.99;21.97
18.99;21.97
18.99;21.97
18.99;21.97
18.99;21.97
18.99;21.97
18.99;21.97
18.99;21.97
18.99;21.97
18.99;21.97
18.99;21.97
13.1;21.97
13.1;22.45
18.99;22.45
18.99;21.97
18.99;21.97
13.1;21.97
13.1;22.45
13.1;22.45
13.1;22.45
13.1;22.45
13.1;22.45
18.99;22.45
13.1;21.97
13.1;22.45
13.1;22.45
18.99;22.45
13.1;21.97
13.1;22.45
13.1;22.45
13.1;22.45
13.1;22.45
13.1;22.45
18.99;22.45
13.1;21.97
13.1;22.45
13.1;22.45
18.99;22.45
13.1;21.97
13.1;22.45
13.1;22.45
13.1;22.45
13.1;22.45
13.1;22.45
18.99;22.45
13.1;21.97
18.99;22.45
18.99;21.97
13.1;21.97
18.98;22.45
18.98;21.97
18.98;21.97
18.98;21.97
18.98;21.97
18.98;21.97
18.98;21.97
13.1;21.97
18.98;22.45
13.1;21.97
18.98;22.45
13.1;21.97
18.98;22.45
18.98;21.97
18.98;21.97
18.98;21.97
18.98;21.97
18.98;21.97
18.98;21.97
18.98;21.97
18.98;21.97
18.98;21.97
18.98;21.97
18.98;21.97
18.98;21.97
18.98;21.97
18.98;21.97
18.98;21.97
18.98;21.97
18.98;21.97
18.98;21.97
18.98;21.97
18.98;21.97
18.98;21.97
18.98;21.97
18.98;21.97
18.98;21.97
18.98;21.97
18.98;21.97
18.98;21.97
18.98;21.97
18.98;21.97
18.98;21.97
18.98;21.97
18.98;21.97
18.97;21.97
18.97;21.97
18.97;21.97
18.97;21.97
18.97;21.97
18.97;21.97
18.97;21.97
18.97;21.97
18.97;21.97
18.97;21.97
18.97;21.97
18.97;21.97
18.97;21.97
18.97;21.97
18.97;21.97
18.97;21.97
18.97;21.97
18.97;21.97
18.97;21.97
18.97;21.97
18.97;21.97
18.97;21.97
18.97;21.97
18.97;21.97
18.97;21.97
18.97;21.97
18.97;21.97
18.97;21.97
18.97;21.97
18.97;21.97
18.97;21.97
18.97;21.97
18.97;21.97
18.97;21.97
18.97;21.97
18.97;21.97
18.97;21.97
18.97;21.97
18.97;21.97
18.97;21.97
18.97;21.97
18.97;21.97
18.97;21.97
18.97;21.97
18.97;21.97
18.97;21.97
18.97;21.97
18.97;21.97
18.97;21.97
18.97;21.97
18.97;21.97
18.97;21.97
18.97;21.97
18.97;21.97
18.97;21.97
18.97;21.97
18.97;21.97
18.97;21.97
18.97;21.97
18.97;21.97
18.97;21.97
18.97;21.97
18.97;21.97
18.97;21.97
18.97;21.97
18.97;21.97
18.97;21.97
18.97;21.97
18.97;21.97
18.97;21.97
18.97;21.97
18.97;21.97
18.97;21.97
18.97;21.97
18.97;21.97
18.97;21.97
18.97;21.97
18.96;21.97
18.96;21.97
18.96;21.97
18.96;21.97
18.96;21.97
18.96;21.97
18.97;21.97
18.97;21.97
18.97;21.97
18.97;21.97
18.97;21.97
18.97;21.97
18.97;21.97
18.97;21.97
18.97;21.97
18.97;21.97
18.97;21.97
18.97;21.97
18.97;21.97
18.97;21.97
18.96;21.97
18.96;21.97
18.96;21.97
18.96;21.97
18.96;21.97
18.96;21.97
18.96;21.97
18.96;21.97
18.96;21.97
18.96;21.97
18.96;21.97
18.96;21.97
18.96;21.97
18.96;21.97
18.96;21.97
18.96;21.97
18.96;21.97
18.96;21.97
18.96;21.97
18.96;21.97
18.96;21.97
18.96;21.97
18.96;21.97
18.96;21.97
18.96;21.97
18.96;21.97
18.96;21.97
18.96;21.97
18.96;21.97
18.96;21.97
18.96;21.97
18.96;21.97
18.96;21.97
18.96;21.97
18.95;21.97
18.95;21.97
18.95;21.97
18.95;21.97
18.95;21.97
18.95;21.97
18.95;21.97
18.95;21.97
18.95;21.97
18.95;21.97
18.95;21.97
18.95;21.97
18.95;21.97
18.95;21.97
18.95;21.97
18.95;21.97
18.95;21.97
18.95;21.97
18.95;21.97
18.95;21.97
18.95;21.97
18.95;21.97
18.95;21.97
18.95;21.97
18.95;21.97
18.95;21.97
18.95;21.97
18.95;13.1
18.95;13.1
18.95;13.1
18.95;13.1
18.95;13.1
18.95;13.1
18.95;13.1
18.95;13.1
18.95;13.1
18.95;13.1
18.95;13.1
18.95;13.1
18.95;13.1
18.95;13.1
18.95;13.1
18.95;13.1
18.95;13.1
18.95;13.1
18.95;21.97
19.35;21.97
19.35;21.97
19.35;21.97
19.35;21.97
19.35;21.97
19.35;21.97
19.35;21.97
19.35;21.97
19.35;21.97
19.35;21.97
19.35;21.97
19.35;21.97
19.35;21.97
19.35;21.97
19.35;21.97
19.35;21.97
19.35;21.97
19.35;21.97
19.35;21.97
19.35;21.97
19.35;21.97
19.35;21.97
19.35;21.97
19.35;21.97
19.35;21.97
19.35;21.97
19.35;21.97
19.35;21.97
19.35;21.97
19.35;21.97
19.35;21.97
19.35;21.97
19.35;21.97
19.35;21.97
19.35;21.97
19.35;21.97
19.35;21.97
19.35;21.97
19.35;21.97
19.35;21.97
19.35;21.96
19.58;21.96
19.58;21.96
19.58;21.96
19.58;21.95
19.58;21.96
19.58;21.96
19.58;21.95
19.57;21.95
19.57;21.95
19.58;21.95
19.57;21.95
19.57;21.95
19.57;21.95
19.57;21.95
19.57;21.95
19.57;21.95
19.57;21.95
19.57;21.95
19.57;21.95
19.57;21.95
19.57;21.95
19.57;21.95
19.57;21.95
19.57;21.95
19.57;21.95
19.57;21.95
19.57;21.95
19.57;21.95
19.57;21.95
19.57;21.95
19.57;21.95
19.57;21.95
19.57;21.95
19.57;21.95
19.57;21.95
19.57;21.95
19.57;21.95
19.57;21.95
19.57;21.95
19.57;21.95
19.57;21.95
19.57;21.95
19.57;21.95
19.57;21.95
19.57;21.95
19.57;21.95
19.57;21.95
19.57;21.95
19.57;21.95
19.57;21.95
19.57;21.95
19.57;21.95
19.57;21.95
19.57;21.95
19.57;21.95
19.57;21.95
19.57;21.95
19.57;21.95
19.57;21.95
19.57;21.95
19.57;21.95
19.56;21.95
19.56;21.95
19.57;21.95
19.57;21.95
19.56;21.95
19.56;21.95
19.57;21.95
19.56;21.95
19.56;21.95
19.56;21.95
19.56;21.95
19.56;21.95
19.56;21.95
19.56;21.95
19.56;21.95
19.56;21.95
19.56;21.95
19.56;21.95
19.56;21.95
19.56;21.95
19.56;21.95
19.56;21.95
19.56;21.95
19.56;21.95
19.56;21.95
19.56;21.95
19.56;21.95
19.56;21.95
19.56;21.95
19.56;21.95
19.56;21.95
19.56;21.95
19.56;21.95
19.56;21.95
19.56;21.95
19.56;21.95
19.56;21.95
19.56;21.95
19.56;21.95
19.56;21.95
19.56;21.95
19.56;21.95
19.56;21.95
19.56;21.95
19.56;21.95
19.56;21.95
19.56;21.95
19.56;21.95
19.56;21.95
19.56;21.95
19.56;21.95
19.55;21.95
19.55;21.95
19.55;21.95
19.55;21.95
19.55;21.95
19.55;21.95
19.55;21.95
19.55;21.95
19.55;21.95
19.55;21.95
19.55;21.95
19.55;21.95
19.55;21.95
19.55;21.95
19.55;21.95
19.55;21.95
19.55;21.95
19.55;21.95
19.55;21.95
19.55;21.95
19.55;21.95
19.55;21.95
19.55;21.95
19.55;21.95
19.55;21.95
19.55;21.95
19.55;21.95
19.55;21.95
19.55;21.95
19.55;21.95
19.55;21.95
19.55;21.95
19.55;21.95
19.55;21.95
19.55;21.95
19.55;21.95
19.55;21.95
19.55;21.95
19.55;21.95
19.55;21.95
19.54;21.95
19.54;21.95
19.54;21.95
19.54;21.95
19.54;21.95
19.54;21.95
19.54;21.95
19.54;21.95
19.54;21.95
19.54;21.95
19.54;21.95
19.54;21.95
19.54;21.95
19.54;21.95
19.54;21.95
19.54;21.95
19.54;21.95
19.54;21.95
19.54;21.95
19.54;21.95
19.54;21.95
19.54;21.95
19.54;21.95
19.54;21.95
19.54;21.95
19.54;21.95
19.54;21.95
19.54;21.95
19.54;21.95
19.54;21.95
19.54;21.95
19.54;21.95
19.54;21.95
19.54;21.95
19.54;21.95
19.54;21.95
19.54;21.95
19.54;21.95
19.54;21.95
19.54;21.95
19.54;21.95
19.53;21.95
19.53;21.95
19.53;21.95
19.53;21.95
19.53;21.95
19.53;21.95
19.53;21.95
19.53;21.95
19.53;21.95
19.53;21.95
19.53;21.95
19.53;21.95
19.53;21.95
19.53;21.95
19.53;21.95
19.53;21.95
19.53;21.95
19.53;21.95
19.53;21.95
19.53;21.95
19.53;21.95
19.53;21.95
19.53;21.95
19.53;21.95
19.53;21.95
19.53;21.95
19.53;21.95
19.53;21.95
19.53;21.95
19.53;21.95
19.53;21.95
19.53;21.95
19.53;21.95
19.53;21.95
19.53;21.95
19.53;21.95
19.53;21.95
19.53;21.95
19.53;21.95
19.53;21.95
19.53;21.95
19.53;21.95
19.53;21.95
19.53;21.95
19.53;21.95
19.53;21.95
19.53;21.95
19.53;21.95
19.53;21.95
19.53;21.95
19.53;21.95
19.53;21.95
19.53;21.95
19.53;21.95
19.53;21.95
19.52;21.95
19.52;21.95
19.52;21.95
19.52;21.95
19.52;21.95
19.52;21.95
19.52;21.95
19.52;21.95
19.52;21.95
19.52;21.95
19.52;21.95
19.52;21.95
19.52;21.95
19.52;21.95
19.52;21.95
19.52;21.95
19.52;21.95
19.52;21.95
19.52;21.95
19.52;21.95
19.52;21.95
19.52;21.95
19.52;21.95
19.52;21.95
19.52;21.95
19.52;21.95
19.52;21.95
19.52;21.95
19.52;21.95
19.52;21.95
19.52;21.95
19.52;21.95
19.52;21.95
19.52;21.95
19.52;21.95
19.52;21.95
19.52;21.95
19.52;21.94
19.52;21.95
19.52;21.95
19.52;21.94
19.52;21.94
19.52;21.95
19.52;21.94
19.52;21.95
19.52;21.95
19.52;21.95
19.52;21.94
19.51;21.94
19.51;21.94
19.51;21.94
19.51;21.94
19.51;21.94
19.51;21.94
19.51;21.94
19.51;21.94
19.51;21.94
19.51;21.94
19.51;21.94
19.51;21.94
19.51;21.94
19.51;21.94
19.51;21.94
19.51;21.94
19.51;21.94
19.51;21.94
19.51;21.94
19.51;21.94
19.51;21.94
19.51;21.94
19.51;21.94
19.51;21.94
19.51;21.94
19.51;21.94
19.51;21.94
19.51;21.94
19.51;21.94
19.51;21.94
19.51;21.94
19.51;21.94
19.51;21.94
19.51;21.94
19.51;21.94
19.51;21.94
19.51;21.94
19.51;21.94
19.51;21.94
19.51;21.94
19.51;21.94
19.51;21.94
19.51;21.94
19.51;21.94
19.5;21.94
19.5;21.94
19.5;21.94
19.5;21.94
19.5;21.94
19.5;21.94
19.5;21.94
19.5;21.94
19.5;21.94
19.5;21.94
19.5;21.94
19.5;21.94
19.5;21.94
19.5;21.94
19.5;21.94
19.5;21.94
19.5;21.94
19.5;21.94
19.5;21.94
19.5;21.94
19.5;21.94
19.5;21.94
19.5;21.94
19.5;21.94
19.5;21.94
19.5;21.94
19.5;21.94
19.5;21.94
19.5;21.94
19.5;21.94
19.5;21.94
19.5;21.94
19.5;21.94
19.5;21.94
19.5;21.94
19.5;21.94
19.5;21.94
19.5;21.94
19.5;21.94
19.5;21.94
19.5;21.94
19.5;21.94
19.5;21.94
19.5;21.94
19.5;21.94
19.5;21.94
19.49;21.94
19.49;21.94
19.5;21.94
19.5;21.94
19.5;21.94
19.5;21.94
19.5;21.94
19.5;21.94
19.5;21.94
19.49;21.94
19.49;21.94
19.49;21.94
19.49;21.94
19.49;21.94
19.49;21.94
19.49;21.94
19.49;21.94
19.49;21.94
19.49;21.94
19.49;21.94
19.49;21.94
19.49;21.94
19.49;21.94
19.49;21.94
19.49;21.94
19.49;21.94
19.49;21.94
19.49;21.94
19.49;21.94
19.49;21.94
19.49;21.94
19.49;21.94
19.49;21.94
19.49;21.94
19.49;21.94
19.49;21.94
19.49;21.94
19.49;21.94
19.49;21.94
19.49;21.94
19.49;21.94
19.49;21.94
19.49;21.94
19.49;21.94
19.49;21.94
19.49;21.94
19.49;21.94
19.49;21.94
19.49;21.94
19.49;21.94
19.49;21.94
19.48;21.94
19.48;21.94
19.48;21.94
19.48;21.94
19.48;21.94
19.48;21.94
19.48;21.94
19.48;21.94
19.48;21.94
19.48;21.94
19.48;21.94
19.48;21.94
19.48;21.94
19.48;21.94
19.48;21.94
19.48;21.94
19.48;21.94
19.48;21.94
19.48;21.94
19.48;21.94
19.48;21.94
19.48;21.94
19.48;21.94
19.48;21.94
19.48;21.94
19.48;21.94
19.48;21.94
19.48;21.94
19.48;21.94
19.48;21.94
19.48;21.94
19.48;21.94
19.48;21.94
19.48;21.94
19.48;21.94
19.48;21.94
19.48;21.94
19.48;21.94
19.48;21.94
19.48;21.94
19.48;21.94
19.48;21.94
19.48;21.94
19.48;21.94
19.48;21.94
19.48;21.94
19.48;21.94
19.48;21.94
19.48;21.94
19.47;21.94
19.47;21.94
19.47;21.94
19.47;21.94
19.47;21.94
19.47;21.94
19.47;21.94
19.47;21.94
19.47;21.94
19.47;21.94
19.47;21.94
19.47;21.94
19.47;21.94
19.47;21.94
19.47;21.94
19.47;21.94
19.47;21.94
19.47;21.94
19.47;21.94
19.47;21.94
19.47;21.94
19.47;21.94
19.47;21.94
19.47;21.94
19.47;21.94
19.47;21.94
19.47;21.94
19.47;21.94
19.47;21.94
19.47;21.94
19.47;21.94
19.47;21.94
19.47;21.94
19.47;21.94
19.47;21.94
19.47;21.94
19.47;21.94
19.47;21.94
19.47;21.94
19.47;21.94
19.47;21.94
19.47;21.94
19.47;21.94
19.46;21.94
19.46;21.94
19.46;21.94
19.46;21.94
19.46;21.94
19.46;21.94
19.46;21.94
19.46;21.94
19.46;21.94
19.46;21.94
19.46;21.94
19.46;21.94
19.46;21.94
19.46;21.94
19.46;21.94
19.46;21.94
19.46;21.94
19.46;21.94
19.46;21.94
19.46;21.94
19.46;21.94
19.46;21.94
19.46;21.94
19.46;21.94
19.46;21.94
19.46;21.94
19.46;21.94
19.46;21.94
19.46;21.94
19.46;21.94
19.46;21.94
19.46;21.94
19.46;21.94
19.46;21.94
19.46;21.94
19.46;21.94
19.46;21.94
19.46;21.94
19.46;21.94
19.46;21.94
19.46;21.94
19.46;21.94
19.46;21.94
19.46;21.94
19.46;21.94
19.46;21.94
19.46;21.94
19.46;21.94
19.46;21.94
19.46;21.94
19.45;21.94
19.46;21.94
19.45;21.94
19.45;21.94
19.45;21.94
19.45;21.94
19.45;21.94
19.45;21.94
19.45;21.94
19.45;21.94
19.45;21.94
19.45;21.94
19.45;21.94
19.45;21.94
19.45;21.94
19.45;21.94
19.45;21.94
19.45;21.94
19.45;21.94
19.45;21.94
19.45;21.94
19.45;21.94
19.45;21.94
19.45;21.94
19.45;21.94
19.45;21.94
19.45;21.94
19.45;21.94
19.45;21.94
19.45;21.94
19.45;21.94
19.45;21.94
19.45;21.94
19.45;21.94
19.45;21.94
19.45;21.94
19.45;21.94
19.45;21.94
19.45;21.94
19.45;21.94
19.45;21.94
19.45;21.94
19.45;21.94
19.45;21.94
19.45;21.94
19.45;21.94
19.45;21.94
19.45;21.94
19.45;21.94
19.45;21.94
19.45;21.94
19.45;21.94
19.45;21.94
19.45;21.94
19.45;21.94
19.45;21.94
19.45;21.94
19.45;21.94
19.45;21.94
19.45;21.94
19.45;21.94
19.45;21.94
19.45;21.94
19.45;21.94
19.45;21.94
19.45;21.94
19.45;21.94
19.45;21.94
19.45;21.94
19.45;21.94
19.45;21.94
19.45;21.94
19.45;21.94
19.45;21.94
19.45;21.94
19.45;21.94
19.45;21.94
19.45;21.94
19.45;21.94
19.45;21.94
19.45;21.94
19.45;21.94
19.45;21.94
19.45;21.94
19.45;21.94
19.45;21.94
19.45;21.94
19.45;21.94
19.45;21.94
19.45;21.94
19.45;21.94
19.45;21.94
19.45;21.94
19.45;21.94
19.45;21.94
19.45;21.94
19.45;21.94
19.45;21.94
19.45;21.94
19.45;21.94
19.45;21.94
19.45;21.94
19.45;21.94
19.45;21.94
19.45;21.94
19.45;21.94
19.45;21.94
19.45;21.94
19.45;21.94
19.45;21.94
19.45;21.94
19.45;21.94
19.44;21.94
19.44;21.94
19.44;21.94
19.44;21.94
19.44;21.94
19.44;21.94
19.44;21.94
19.44;21.94
19.44;21.94
19.44;21.94
19.44;21.94
19.44;21.94
19.44;21.94
19.44;21.94
19.44;21.94
19.44;21.94
19.44;21.94
19.44;21.94
19.44;21.94
19.44;21.94
19.44;21.94
19.44;21.94
19.44;21.94
19.44;21.94
19.44;21.94
19.44;21.94
19.44;21.94
19.44;21.94
19.44;21.94
19.44;21.94
19.44;21.94
19.44;21.94
19.44;21.94
19.44;21.94
19.44;21.94
19.44;21.94
19.44;21.94
19.44;21.94
19.44;21.94
19.44;21.94
19.44;21.94
19.44;21.94
19.44;21.94
19.44;21.94
19.44;21.94
19.44;21.94
19.44;21.94
19.44;21.94
19.44;21.94
19.44;21.94
19.44;21.94
19.43;21.94
19.43;21.94
19.43;21.94
19.43;21.94
19.43;21.94
19.43;21.94
19.43;21.94
19.43;21.94
19.43;21.94
19.43;21.94
19.43;21.94
19.43;21.94
19.43;21.94
19.43;21.94
19.43;21.94
19.43;21.94
19.43;21.94
19.43;21.94
19.43;21.94
19.43;21.94
19.43;21.94
19.43;21.94
19.43;21.94
19.43;21.94
19.43;21.94
19.43;21.94
19.43;21.94
19.43;21.94
19.43;21.94
19.43;21.94
19.43;21.94
19.43;21.94
19.43;21.94
19.43;21.94
19.43;21.94
19.43;21.94
19.43;21.93
19.43;21.94
19.43;21.94
19.43;21.94
19.43;21.94
19.43;21.94
19.43;21.94
19.43;21.93
19.43;21.94
19.43;21.94
19.43;21.93
19.43;21.94
19.43;21.94
19.43;21.93
19.43;21.94
19.43;21.93
19.43;21.94
19.43;21.93
19.43;21.93
19.43;21.93
19.43;21.94
19.43;21.94
19.43;21.94
19.43;21.94
19.43;21.93
19.43;21.94
19.43;21.94
19.43;21.94
19.43;21.94
19.43;21.93
19.43;21.94
19.43;21.93
19.43;21.93
19.43;21.94
19.43;21.93
19.43;21.93
19.43;21.94
19.43;21.94
19.43;21.94
19.43;21.94
19.43;21.93
19.43;21.93
19.43;21.93
19.43;21.93
19.43;21.93
19.43;21.93
19.42;21.93
19.42;21.93
19.42;21.93
19.42;21.93
19.42;21.93
19.42;21.93
19.42;21.93
19.42;21.94
19.42;21.93
19.42;21.94
19.42;21.94
19.42;21.93
19.42;21.93
19.42;21.93
19.42;21.94
19.42;21.94
19.42;21.94
19.42;21.93
19.42;21.93
19.42;21.93
19.42;21.93
19.42;21.93
19.42;21.93
19.42;21.93
19.42;21.93
19.42;21.93
19.42;21.93
19.42;21.93
19.42;21.93
19.42;21.93
19.42;21.94
19.42;21.93
19.42;21.93
19.42;21.94
19.42;21.93
19.42;21.93
19.42;21.93
19.42;21.93
19.42;21.93
19.42;21.93
19.42;21.94
19.42;21.93
19.42;21.94
19.42;21.93
19.42;21.93
19.42;21.93
19.42;21.93
19.42;21.93
19.42;21.93
19.42;21.93
19.42;21.93
19.42;21.93
19.42;21.93
19.42;21.93
19.42;21.93
19.42;21.93
19.42;21.93
19.42;21.93
19.42;21.94
19.42;21.94
19.42;21.94
19.42;21.94
19.42;21.94
19.42;21.94
19.42;21.94
19.42;21.94
19.42;21.94
19.42;21.93
19.42;21.93
19.42;21.93
19.42;21.93
19.42;21.94
19.42;21.94
19.42;21.94
19.42;21.94
19.42;21.94
19.42;21.94
19.42;21.94
19.42;21.94
19.42;21.94
19.42;21.93
19.42;21.93
19.42;21.93
19.42;21.94
19.42;21.94
19.42;21.94
19.42;21.94
19.42;21.94
19.42;21.94
19.42;21.94
19.42;21.94
19.42;21.94
19.42;21.94
19.42;21.94
19.42;21.94
19.42;21.94
19.42;21.94
19.42;21.94
19.42;21.94
19.42;21.94
19.42;21.94
19.42;21.94
19.42;21.94
19.42;21.94
19.42;21.94
19.42;21.94
19.42;21.94
19.42;21.94
19.42;21.94
19.42;21.94
19.42;21.94
19.42;21.93
19.42;21.93
19.42;21.93
19.42;21.93
19.42;21.93
19.42;21.93
19.42;21.93
19.42;21.93
19.42;21.93
19.42;21.93
19.42;21.93
19.42;21.93
19.42;21.93
19.42;21.93
19.42;21.93
19.42;21.93
19.42;21.93
19.42;21.93
19.42;21.93
19.42;21.93
19.42;21.93
19.42;21.93
19.42;21.93
19.42;21.93
19.42;21.94
19.42;21.94
19.42;21.94
19.42;21.94
19.42;21.94
19.42;21.94
19.42;21.94
19.42;21.94
19.42;21.94
19.42;21.94
19.42;21.94
19.42;21.94
19.42;21.94
19.42;21.94
19.42;21.94
19.42;21.94
19.42;21.94
19.42;21.94
19.42;21.94
19.42;21.94
19.42;21.94
19.42;21.94
19.42;21.94
19.42;21.94
19.42;21.94
19.42;21.94
19.42;21.94
19.42;21.94
19.42;21.94
19.42;21.94
19.42;21.94
19.42;21.94
19.42;21.94
19.42;21.94
19.42;21.94
19.42;21.94
19.42;21.94
19.42;21.94
19.42;21.94
19.42;21.94
19.42;21.94
19.42;21.94
19.42;21.94
19.42;21.94
19.42;21.94
19.42;21.94
19.42;21.94
19.42;21.94
19.42;21.94
19.42;21.94
19.42;21.94
19.42;21.94
19.42;21.94
19.42;21.94
19.42;21.94
19.42;21.94
19.42;21.94
19.42;21.94
19.42;21.94
19.42;21.94
19.42;21.94
19.42;21.94
19.42;21.94
19.42;21.94
19.42;21.94
19.42;21.94
19.42;21.94
19.42;21.94
19.42;21.94
19.42;21.94
19.42;21.94
19.42;21.94
19.41;21.94
19.41;21.94
19.41;21.93
19.41;21.93
19.41;21.93
19.41;21.93
19.41;21.93
19.41;21.93
19.41;21.93
19.41;21.93
19.41;21.93
19.41;21.93
19.41;21.93
19.41;21.93
19.41;21.93
19.41;21.93
19.41;21.94
19.41;21.94
19.41;21.94
19.41;21.94
19.41;21.94
19.41;21.94
19.41;21.94
19.41;21.94
19.41;21.94
19.41;21.94
19.41;21.94
19.41;21.94
19.41;21.94
19.41;21.94
19.41;21.94
19.41;21.93
19.41;21.94
19.41;21.94
19.42;21.93
19.42;21.93
19.42;21.94
19.42;21.94
19.42;21.93
19.42;21.94
19.42;21.93
19.42;21.93
19.42;21.93
19.42;21.93
19.42;21.93
19.42;21.93
19.42;21.93
19.41;21.93
19.41;21.93
19.42;21.93
19.41;21.94
19.42;21.94
19.42;21.94
19.42;21.94
19.42;21.94
19.42;21.93
19.42;21.93
19.42;21.94
19.42;21.94
19.42;21.94
19.42;21.93
19.42;21.94
19.42;21.93
19.42;21.94
19.42;21.94
19.42;21.94
19.42;21.93
19.42;21.93
19.42;21.93
19.42;21.94
19.42;21.94
19.42;21.94
19.42;21.94
19.42;21.94
19.42;21.94
19.42;21.94
19.42;21.94
19.42;21.94
19.42;21.94
19.42;21.94
19.42;21.94
19.42;21.94
19.42;21.94
19.42;21.94
19.42;21.94
19.42;21.94
19.42;21.94
19.42;21.94
19.42;21.94
19.42;21.94
19.42;21.94
19.42;21.94
19.42;21.94
19.42;21.94
19.42;21.94
19.42;21.94
19.42;21.94
19.42;21.94
19.42;21.94
19.42;21.94
19.42;21.94
19.42;21.93
19.42;21.94
19.42;21.94
19.42;21.94
19.42;21.94
19.42;21.94
19.42;21.94
19.42;21.94
19.42;21.94
19.42;21.94
19.42;21.94
19.42;21.94
19.42;21.93
19.42;21.93
19.42;21.94
19.42;21.93
19.42;21.93
19.42;21.93
19.42;21.93
19.42;21.93
19.42;21.93
19.42;21.93
19.42;21.93
19.42;21.93
19.42;21.93
19.42;21.94
19.42;21.94
19.42;21.94
19.42;21.94
19.42;21.94
19.42;21.94
19.42;21.94
19.42;21.94
19.42;21.94
19.42;21.94
19.42;21.94
19.42;21.94
19.42;21.94
19.42;21.94
19.42;21.94
19.42;21.94
19.42;21.94
19.42;21.94
19.42;21.94
19.42;21.94
19.42;21.94
19.42;21.94
19.42;21.94
19.42;21.94
19.42;21.94
19.42;21.94
19.42;21.94
19.42;21.94
19.42;21.94
19.43;21.94
19.43;21.94
19.43;21.94
19.43;21.94
19.43;21.94
19.43;21.94
19.43;21.94
19.43;21.94
19.43;21.94
19.43;21.94
19.43;21.94
19.43;21.94
19.43;21.94
19.43;21.94
19.43;21.94
19.43;21.94
19.43;21.94
19.43;21.94
19.43;21.94
19.43;21.94
19.43;21.94
19.43;21.94
19.43;21.94
19.43;21.94
19.43;21.94
19.43;21.94
19.43;21.94
19.43;21.94
19.43;21.94
19.43;21.94
19.43;21.94
19.43;21.94
19.43;21.94
19.43;21.94
19.43;21.94
19.43;21.94
19.43;21.94
19.43;21.94
19.43;21.94
19.43;21.94
19.43;21.94
19.43;21.94
19.43;21.94
19.43;21.94
19.43;21.94
19.43;21.94
19.43;21.94
19.43;21.94
19.43;21.94
19.43;21.94
19.43;21.94
19.43;21.94
19.43;21.94
19.43;21.94
19.43;21.94
19.43;21.94
19.42;21.94
19.42;21.94
19.43;21.94
19.42;21.94
19.43;21.94
19.43;21.94
19.43;21.94
19.43;21.94
19.43;21.94
19.43;21.94
19.43;21.94
19.43;21.94
19.43;21.94
19.43;21.94
19.43;21.94
19.43;21.94
19.43;21.94
19.43;21.94
19.43;21.94
19.43;21.94
19.43;21.94
19.43;21.94
19.43;21.94
19.43;21.94
19.43;21.94
19.43;21.94
19.43;21.94
19.43;21.94
19.43;21.94
19.43;21.94
19.43;21.94
19.43;21.94
19.43;21.94
19.43;21.94
19.43;21.94
19.43;21.94
19.43;21.94
19.43;21.94
19.43;21.94
19.43;21.94
19.43;21.94
19.43;21.94
19.43;21.94
19.43;21.94
19.43;21.94
19.43;21.94
19.43;21.94
19.43;21.94
19.43;21.94
19.43;21.94
19.43;21.94
19.43;21.94
19.43;21.94
19.43;21.94
19.43;21.94
19.43;21.94
19.43;21.94
19.43;21.94
19.43;21.94
19.43;21.95
19.72;21.95
19.72;21.95
19.72;21.95
19.72;21.95
19.72;21.95
19.72;21.95
19.72;21.95
19.72;21.95
19.72;21.95
19.72;21.95
19.72;21.95
19.72;21.95
19.72;21.95
19.72;21.95
19.72;21.95
19.72;21.95
19.72;21.95
19.72;21.95
19.72;21.95
19.72;21.95
19.72;21.95
19.72;21.95
19.72;21.95
19.73;21.95
19.73;21.95
19.73;21.95
19.73;21.95
19.73;21.95
19.73;21.95
19.73;21.95
19.72;21.95
19.72;21.95
19.72;21.95
19.72;21.95
19.72;21.95
19.72;21.95
19.72;21.95
19.72;21.95
19.72;21.95
19.72;21.95
19.72;21.95
19.72;21.95
19.72;21.95
19.72;21.95
19.72;21.95
19.72;21.95
19.72;21.95
19.72;21.95
19.72;21.95
19.72;21.95
19.73;21.95
19.72;21.95
19.72;21.95
19.72;21.95
19.72;21.95
19.72;21.95
19.72;21.95
19.72;21.95
19.72;21.95
19.72;21.95
19.72;21.95
19.72;21.95
19.72;21.95
19.72;21.95
19.72;21.95
19.72;21.95
19.72;21.95
19.72;21.95
19.72;21.95
19.72;21.95
19.72;21.95
19.72;21.95
19.72;21.95
19.72;21.95
19.72;21.95
19.72;21.95
19.72;21.95
19.72;21.95
19.72;21.95
19.72;21.95
19.72;21.95
19.72;21.95
19.72;21.95
19.72;21.95
19.72;21.95
19.72;21.95
19.72;21.95
19.72;21.95
19.72;21.95
19.72;21.95
19.73;21.95
19.72;21.95
19.72;21.95
19.72;21.95
19.72;21.95
19.72;21.95
19.72;21.95
19.72;21.95
19.72;21.95
19.72;21.95
19.73;21.95
19.72;21.95
19.73;21.95
19.73;21.95
19.73;21.95
19.73;21.95
19.73;21.95
19.73;21.95
19.73;21.95
19.73;21.95
19.73;21.95
19.73;21.95
19.72;21.95
19.72;21.95
19.72;21.95
19.72;21.95
19.72;21.95
19.72;21.95
19.72;21.95
19.72;21.95
19.72;21.95
19.72;21.95
19.72;21.95
19.72;21.95
19.72;21.95
19.72;21.95
19.72;21.95
19.72;21.95
19.72;21.95
19.72;21.95
19.72;21.95
19.72;21.95
19.72;21.95
19.72;21.95
19.72;21.95
19.72;21.95
19.72;21.95
19.72;21.95
19.72;21.95
19.72;21.95
19.72;21.95
19.72;21.95
19.72;21.95
19.72;21.95
19.72;21.95
19.72;21.95
19.72;21.95
19.72;21.95
19.72;21.95
19.72;21.95
19.72;21.95
19.72;21.95
19.72;21.95
19.72;21.95
19.72;21.95
19.72;21.95
19.72;21.95
19.72;21.95
19.72;21.95
19.72;21.95
19.72;21.95
19.72;21.95
19.72;21.95
19.72;21.95
19.72;21.95
19.72;21.95
19.72;21.95
19.72;21.95
19.72;21.95
19.72;21.95
19.72;21.95
19.72;21.95
19.72;21.95
19.72;21.95
19.72;21.95
19.72;21.95
19.72;21.95
19.72;21.95
19.72;21.95
19.72;21.95
19.72;21.95
19.72;21.95
19.72;21.95
19.72;21.95
19.72;21.95
19.72;21.95
19.72;21.95
19.72;21.95
19.72;21.95
19.72;21.95
19.72;21.95
19.72;21.95
19.72;21.95
19.72;21.95
19.72;21.95
19.72;21.95
19.72;21.95
19.72;21.95
19.72;21.95
19.72;21.95
19.72;21.95
19.72;21.95
19.72;21.95
19.72;21.95
19.72;21.95
19.72;21.95
19.72;21.95
19.72;21.95
19.72;21.95
19.72;21.95
19.72;21.95
19.72;21.95
19.72;21.95
19.72;21.95
19.72;21.95
19.72;21.95
19.72;21.95
19.72;21.95
19.72;21.95
19.72;21.95
19.72;21.95
19.72;21.95
19.72;21.95
19.72;21.95
19.72;21.95
19.72;21.95
19.72;21.95
19.72;21.95
19.72;21.95
19.72;21.95
19.72;21.95
19.72;21.95
19.72;21.95
19.72;21.95
19.72;21.95
19.72;21.95
19.72;21.95
19.72;21.95
19.72;21.95
19.72;21.95
19.72;21.95
19.72;21.95
19.72;21.95
19.72;21.95
19.72;21.95
19.72;21.95
19.72;21.95
19.72;21.95
19.72;21.95
19.72;21.95
19.72;21.95
19.72;21.95
19.72;21.95
19.72;21.95
19.72;21.95
19.72;21.95
19.72;21.95
19.72;21.95
19.72;21.95
19.72;21.95
19.72;21.95
19.72;21.95
19.72;21.95
19.72;21.95
19.72;21.95
19.72;21.95
19.72;21.95
19.72;21.95
19.72;21.95
19.72;21.95
19.72;21.95
19.72;21.95
19.72;21.95
19.72;21.95
19.72;21.95
19.72;21.95
19.72;21.95
19.72;21.95
19.72;21.95
19.72;21.95
19.72;21.95
19.72;21.95
19.72;21.95
19.72;21.95
19.72;21.95
19.72;21.95
19.72;21.95
19.72;21.95
19.72;21.95
19.72;21.95
19.71;21.95
19.71;21.95
19.71;21.95
19.71;21.95
19.71;21.95
19.71;21.95
19.71;21.95
19.71;21.95
19.71;21.95
19.71;21.95
19.71;21.95
19.71;21.95
19.71;21.95
19.72;21.95
19.72;21.95
19.72;21.95
19.72;21.95
19.72;21.95
19.72;21.95
19.72;21.95
19.72;21.95
19.72;21.95
19.72;21.95
19.72;21.95
19.72;21.95
19.72;21.95
19.73;21.96
19.73;21.96
19.73;21.96
19.73;21.96
19.73;21.96
19.73;21.96
19.73;21.96
19.73;21.96
19.73;21.96
19.73;21.96
19.73;21.96
19.73;21.96
19.73;21.96
19.73;21.96
19.73;21.96
19.73;21.96
19.73;21.96
19.73;21.95
19.73;21.95
19.73;21.95
19.73;21.96
19.73;21.96
19.73;21.96
19.73;21.96
19.73;21.96
19.73;21.96
19.73;21.96
19.72;21.96
19.72;21.96
19.72;21.95
19.72;21.96
19.72;21.96
19.72;21.95
19.72;21.96
19.72;21.95
19.72;21.96
19.72;21.95
19.72;21.95
19.72;21.96
19.72;21.95
19.72;21.95
19.72;21.95
19.72;21.95
19.72;21.95
19.72;21.95
19.72;21.95
19.72;21.95
19.72;21.95
19.72;21.95
19.72;21.95
19.72;21.95
19.72;21.95
19.72;21.95
19.72;21.95
19.72;21.95
19.72;21.95
19.72;21.95
19.72;21.95
19.72;21.95
19.72;21.95
19.72;21.95
19.72;21.95
19.72;21.95
19.72;21.95
19.72;21.95
19.72;21.95
19.72;21.95
19.72;21.95
19.72;21.95
19.72;21.95
19.72;21.95
19.72;21.95
19.72;21.95
19.72;21.95
19.72;21.95
19.72;21.95
19.72;21.95
19.72;21.95
19.72;21.95
19.72;21.95
19.72;21.95
19.72;21.95
19.72;21.95
19.72;21.95
19.72;21.95
19.72;21.95
19.72;21.95
19.72;21.95
19.72;21.95
19.72;21.95
19.72;21.95
19.72;21.95
19.72;21.95
19.72;21.95
19.72;21.95
19.72;21.95
19.72;21.95
19.72;21.95
19.71;21.95
19.71;21.95
19.71;21.95
19.71;21.96
19.71;21.96
19.71;21.96
19.71;21.96
19.72;21.96
19.72;21.96
19.72;21.96
19.72;21.96
19.72;21.96
19.72;21.96
19.72;21.96
19.72;21.96
19.72;21.96
19.72;21.96
19.72;21.96
19.72;21.96
19.72;21.96
19.72;21.96
19.72;21.96
19.72;21.96
19.72;21.96
19.72;21.96
19.72;21.96
19.72;21.96
19.72;21.96
19.72;21.96
19.72;21.96
19.72;21.96
19.72;21.96
19.72;21.96
19.72;21.96
19.72;21.96
19.72;21.96
19.72;21.96
19.72;21.96
19.72;21.96
19.72;21.96
19.72;21.96
19.72;21.96
19.72;21.96
19.72;21.96
19.71;21.96
19.71;21.96
19.71;21.96
19.71;21.96
19.71;21.96
19.71;21.96
19.71;21.96
19.71;21.96
19.71;21.96
19.71;21.96
19.72;21.96
19.72;21.96
19.72;21.96
19.72;21.96
19.72;21.96
19.72;21.96
19.72;21.96
19.71;21.96
19.71;21.96
19.72;21.96
19.72;21.96
19.72;21.96
19.72;21.96
19.72;21.96
19.72;21.96
19.72;21.96
19.72;21.96
19.72;21.96
19.72;21.96
19.72;21.96
19.72;21.96
19.72;21.96
19.72;21.96
19.72;21.96
19.72;21.96
19.72;21.96
19.72;21.96
19.72;21.96
19.72;21.96
19.72;21.96
19.72;21.96
19.72;21.96
19.72;21.96
19.72;21.96
19.72;21.96
19.72;21.96
19.72;21.96
19.72;21.96
19.72;21.96
19.72;21.96
19.72;21.96
19.72;21.96
19.72;21.96
19.72;21.96
19.72;21.96
19.72;21.96
19.72;21.96
19.72;21.96
19.71;21.96
19.71;21.96
19.71;21.96
19.71;21.96
19.71;21.96
19.72;21.96
19.72;21.96
19.72;21.96
19.72;21.96
19.72;21.96
19.72;21.96
19.72;21.96
19.72;21.96
19.72;21.96
19.72;21.96
19.72;21.96
19.72;21.96
19.72;21.96
19.72;21.96
19.72;21.96
19.72;21.96
19.72;21.96
19.72;21.96
19.72;21.96
19.72;21.96
19.72;21.96
19.72;21.96
19.72;21.96
19.72;21.97
19.72;21.96
19.72;21.96
19.72;21.96
19.72;21.96
19.72;21.96
19.72;21.96
19.72;21.96
19.72;21.96
19.72;21.96
19.72;21.96
19.72;21.96
19.72;21.96
19.72;21.96
19.72;21.96
19.72;21.96
19.72;21.96
19.72;21.96
19.72;21.96
19.72;21.96
19.72;21.96
19.72;21.96
19.72;21.96
19.72;21.96
19.71;21.96
19.71;21.96
19.71;21.96
19.71;21.96
19.71;21.96
19.72;21.96
19.72;21.96
19.72;21.96
19.72;21.96
19.72;21.97
19.72;21.96
19.72;21.96
19.72;21.97
19.72;21.97
19.72;21.97
19.72;21.97
19.72;21.97
19.72;21.97
19.72;21.97
19.72;21.97
19.72;21.97
19.72;21.97
19.72;21.97
19.72;21.97
19.72;21.97
19.72;21.97
19.72;21.97
19.73;21.97
19.73;21.97
19.72;21.97
19.72;21.97
19.72;21.97
19.56;13.1
19.72;21.97
19.56;13.1
19.56;13.1
0;13.1
23.30766135014012;13.1
23.30654470677623;21.98
23.36193568871894;21.98
23.360794525725254;21.98
23.565315460686485;21.98
23.56408588245177;21.98
23.562808534663013;21.98
23.561581672859845;21.98
23.560356139728235;21.98
23.559131933356028;21.98
23.557909051834006;21.98
23.556638658403084;21.98
23.555418473667658;21.98
23.554199607996473;21.98
23.552982059492184;21.98
23.551765826260358;21.98
23.55050233690705;21.98
23.549288780968975;21.98
23.548076534562185;21.98
23.546865595803993;21.98
23.54565596281461;21.97
23.751826151227167;21.97
23.75051897045661;21.98
23.749161045718825;21.98
23.747856830592276;21.97
23.746554066024128;21.97
23.745252749921026;21.97
23.743952880192925;21.97
23.74265445475306;21.97
0;21.97
0;21.96
0;23.02
26.850027860085667;21.97
26.850412980163547;21.97
0;23.03
22.51;21.96
22.51;21.96
22.51;21.97
22.51;21.96
22.53;21.97
22.53;21.97
22.53;21.96
22.53;21.97
22.53;21.96
22.53;21.97
22.53;21.97
22.51;21.97
22.51;21.97
0;23.02
22.46;21.96
22.48;21.96
22.48;21.97
22.38;21.97
22.38;21.97
22.51;0
22.53;21.96
22.53;21.96
0;23.01
22.36;21.97
22.38;21.97
22.43;21.96
22.43;21.96
22.46;21.96
22.46;21.96
22.46;21.96
22.48;21.96
22.48;21.96
22.48;21.96
22.48;21.96
22.48;21.96
22.48;21.96
22.48;21.96
22.48;21.96
22.48;0
22.5;21.95
22.5;21.95
22.5;21.95
22.48;21.95
22.48;21.95
22.5;21.95
22.48;21.95
22.48;21.95
22.5;21.95
22.5;21.95
22.48;21.95
22.48;21.95
22.48;21.95
22.48;21.95
22.48;21.95
22.48;21.95
22.5;21.95
22.5;21.95
22.5;21.95
22.5;21.95
22.5;21.95
22.53;21.95
22.53;21.95
22.53;21.95
22.53;21.95
22.55;21.95
22.55;21.95
22.57;21.95
22.57;21.95
22.59;21.95
22.59;21.95
22.59;21.95
22.59;21.95
22.59;21.95
22.59;21.95
22.61;21.95
22.61;21.95
22.64;21.95
22.64;21.95
22.64;21.95
22.63;21.95
22.63;21.95
22.63;21.95
22.65;21.95
22.65;21.95
22.65;21.95
22.65;21.95
22.68;21.95
22.68;21.95
13.1;21.95
22.68;23.05
13.1;21.95
22.67;23.05
13.1;21.95
13.1;23.05
13.1;23.05
13.1;23.06
13.1;23.06
13.1;23.06
22.69;23.06
22.69;23.06
22.69;23.06
22.69;23.06
22.69;23.06
22.67;23.06
22.69;23.06
22.67;23.06
22.67;23.06
22.67;23.06
13.1;23.06
13.1;23.06
13.1;23.06
13.1;23.06
22.69;23.06
13.1;23.06
13.1;23.06
13.1;23.06
13.1;23.06
13.1;23.06
22.71;23.06
22.71;23.06
13.1;23.06
22.71;23.06
22.71;23.06
22.71;23.06
22.71;23.06
13.1;23.06
22.69;23.06
22.69;23.06
22.69;23.06
13.1;23.06
13.1;23.06
13.1;23.06
13.1;23.06
22.67;23.06
13.1;21.95
13.1;23.06
13.1;23.06
13.1;23.06
13.1;23.06
13.1;23.06
13.1;23.06
13.1;23.06
13.1;23.06
13.1;23.06
13.1;23.06
13.1;23.06
13.1;23.06
13.1;23.06
13.1;23.06
13.1;23.06
13.1;23.06
13.1;23.06
13.1;23.06
13.1;23.06
13.1;23.06
13.1;23.05
13.1;23.06
13.1;23.06
22.67;23.06
13.1;21.95
13.1;23.05
13.1;23.05
13.1;23.05
22.65;23.05
13.1;21.95
13.1;23.05
13.1;23.05
13.1;23.05
13.1;23.05
13.1;23.05
13.1;23.05
13.1;23.05
13.1;23.05
13.1;23.05
13.1;23.05
13.1;23.05
13.1;23.05
13.1;23.05
13.1;23.05
13.1;23.05
13.1;23.05
13.1;23.05
13.1;23.05
13.1;23.05
22.65;23.05
13.1;21.94
13.1;23.05
13.1;23.05
13.1;23.05
13.1;23.05
13.1;23.05
13.1;23.05
13.1;23.05
13.1;23.05
22.62;23.05
13.1;21.94
13.1;23.05
13.1;23.05
22.62;23.05
13.1;21.94
13.1;23.05
13.1;23.05
13.1;23.05
13.1;23.05
13.1;23.05
22.62;23.05
13.1;21.94
13.1;23.05
13.1;23.05
13.1;23.05
13.1;23.05
22.62;23.05
13.1;21.94
13.1;23.05
13.1;23.05
22.62;23.05
22.62;21.94
13.1;21.94
13.1;23.05
22.58;23.05
22.58;21.94
22.58;21.94
13.1;21.94
22.58;23.05
13.1;21.94
13.1;23.04
13.1;23.04
13.1;23.04
13.1;23.04
22.56;23.04
13.1;21.94
22.54;23.04
22.54;21.94
22.54;21.94
22.54;21.94
22.54;21.94
22.54;21.94
22.56;21.94
22.56;21.94
22.56;21.94
22.56;21.94
22.56;21.94
22.56;21.94
22.56;21.94
22.56;21.94
22.56;21.94
22.56;21.94
22.56;21.94
22.58;21.94
22.58;21.94
22.58;21.94
22.58;21.94
22.58;21.94
22.58;21.94
22.58;21.94
22.58;21.94
22.58;21.94
22.58;21.94
22.58;21.94
22.58;21.94
22.58;21.94
22.58;21.94
22.58;21.94
22.58;21.94
22.58;21.94
22.58;21.94
22.58;21.94
22.58;21.94
22.58;21.94
22.58;21.94
22.58;21.94
22.58;21.94
22.58;21.94
22.58;21.94
22.58;21.94
22.56;21.94
22.56;21.94
22.56;21.94
22.56;21.93
22.56;21.94
22.56;21.93
22.56;21.94
22.53;21.94
22.53;21.94
22.53;21.94
22.53;21.94
22.53;21.94
13.1;21.94
22.53;23.04
13.1;21.94
13.1;23.04
13.1;23.04
13.1;23.04
13.1;23.04
13.1;23.04
13.1;23.04
13.1;23.04
13.1;23.04
13.1;23.04
13.1;23.04
13.1;23.04
13.1;23.04
13.1;23.04
13.1;23.04
13.1;23.05
13.1;23.05
22.57;23.05
13.1;21.93
13.1;23.05
13.1;23.05
13.1;23.05
22.57;23.05
13.1;21.93
13.1;23.05
13.1;23.05
13.1;23.05
13.1;23.05
13.1;23.05
13.1;23.05
22.57;23.05
13.1;21.93
13.1;23.05
22.57;23.05
13.1;21.93
13.1;23.05
13.1;23.05
13.1;23.05
13.1;23.05
13.1;23.05
22.55;23.05
13.1;21.93
13.1;23.05
13.1;23.05
13.1;23.05
13.1;23.04
13.1;23.05
13.1;23.05
13.1;23.05
13.1;23.05
13.1;23.05
13.1;23.05
13.1;23.05
22.55;23.05
13.1;21.93
13.1;23.04
13.1;23.04
13.1;23.04
13.1;23.04
13.1;23.04
13.1;23.04
13.1;23.04
13.1;23.04
13.1;23.04
13.1;23.04
13.1;23.04
13.1;23.04
13.1;23.04
13.1;23.04
13.1;23.04
13.1;23.04
13.1;23.04
13.1;23.04
13.1;23.04
13.1;23.04
13.1;23.04
13.1;23.04
13.1;23.04
13.1;23.04
13.1;23.04
13.1;23.04
13.1;23.04
13.1;23.04
13.1;23.04
13.1;23.04
13.1;23.04
13.1;23.03
13.1;23.03
13.1;23.03
13.1;23.03
13.1;23.03
13.1;23.03
13.1;23.03
13.1;23.03
13.1;23.03
13.1;23.03
13.1;23.03
13.1;23.03
13.1;23.03
13.1;23.03
13.1;23.03
13.1;23.03
13.1;23.03
13.1;23.03
13.1;23.03
13.1;23.03
13.1;23.03
13.1;23.03
13.1;23.03
13.1;23.03
13.1;23.03
13.1;23.03
13.1;23.03
0;23.03
22.45;23.04
22.45;23.04
22.45;23.04
22.45;23.04
22.45;23.04
22.45;23.04
22.45;23.04
22.45;23.04
13.1;0
22.5;23.04
22.45;0
22.45;23.04
22.45;23.04
22.47;23.04
22.47;23.04
22.47;23.04
22.47;23.04
0;23.04
22.47;23.04
0;23.04
13.1;23.04
22.45;23.04
22.45;23.04
22.45;23.04
0;23.04
13.1;23.04
13.1;23.04
13.1;23.04
13.1;23.04
13.1;23.04
13.1;23.04
13.1;23.04
22.49;23.04
22.49;23.05
13.1;23.02
22.35;23.03
22.35;23.03
0;23.04
13.1;23.04
13.1;23.04
22.44;23.04
22.44;23.04
22.47;23.04
22.47;0
22.46;23.04
13.1;23.04
13.1;23.04
13.1;23.04
22.49;23.05
22.49;23.05
22.49;23.05
22.49;23.05
22.49;23.05
22.49;23.05
22.49;23.04
22.46;23.04
22.46;23.04
22.46;23.04
22.46;23.04
22.46;23.04
22.46;23.04
22.46;23.04
22.46;23.04
22.46;23.04
22.46;23.04
22.46;23.04
22.46;23.04
22.46;23.04
22.46;23.04
22.46;23.04
22.46;23.04
22.46;23.04
22.46;23.04
22.46;23.04
13.1;23.04
13.1;23.04
13.1;23.04
13.1;23.04
13.1;23.04
13.1;23.04
13.1;23.04
13.1;23.04
13.1;23.04
13.1;23.04
22.44;21.92
22.44;21.92
22.44;21.92
22.44;21.92
13.1;23.04
13.1;23.04
22.44;21.92
22.41;21.92
22.41;21.92
22.41;21.92
22.41;21.92
22.41;21.92
22.41;21.92
22.41;21.92
22.41;21.92
22.41;21.92
22.41;21.92
21.99;22.03
21.99;22.02
21.97;22.02
21.97;22.02
21.97;22.02
21.97;22.02
21.97;22.02
21.97;22.02
21.97;22.01
21.95;22.01
21.95;22.01
21.95;22.01
21.95;22.01
21.95;22.01
21.95;22.01
21.95;22.01
21.95;22.01
21.96;22.01
21.96;22.01
21.96;22.0
21.94;22.01
21.94;22.0
21.94;22.01
21.94;22.01
21.94;22.01
21.94;22.01
21.94;22.0
21.94;22.0
21.94;22.0
21.94;22.0
21.94;22.0
21.94;22.0
21.94;22.0
21.94;22.0
21.94;22.0
21.94;22.0
21.94;22.0
21.94;22.0
21.94;22.0
21.94;22.0
21.94;22.0
21.94;22.0
21.94;22.0
21.94;22.0
21.94;22.0
21.92;21.99
21.92;22.0
21.92;22.0
21.92;22.0
21.92;22.0
21.92;21.99
21.9;21.99
21.9;21.99
21.9;21.99
21.9;21.99
21.9;21.99
21.9;21.99
21.9;21.99
21.9;21.99
21.9;21.99
21.9;21.99
21.9;21.99
21.9;21.99
21.9;21.99
21.9;21.99
21.9;21.99
21.9;21.99
21.9;21.99
21.9;21.99
21.9;21.99
21.9;21.99
21.9;21.99
21.9;21.98
21.9;21.99
21.9;21.99
21.9;21.99
21.9;21.99
21.9;21.98
21.88;21.98
21.88;21.98
21.88;21.98
21.88;21.99
21.88;21.99
21.88;21.98
21.88;21.99
21.88;21.99
21.88;21.99
21.88;21.99
21.88;21.99
21.88;21.98
21.88;21.98
21.88;21.98
21.88;21.99
21.88;21.98
21.88;21.98
21.88;21.98
21.88;21.98
21.88;21.98
21.88;21.98
21.88;21.98
21.88;21.98
21.88;21.98
21.88;21.98
21.88;21.98
21.88;21.98
21.88;13.1
21.88;13.1
19.05;13.1
19.05;13.1
19.05;13.1
19.05;13.1
19.05;13.1
19.05;13.1
19.05;13.1
19.05;13.1
19.05;13.1
19.05;13.1
19.05;13.1
19.05;13.1
19.05;13.1
19.05;13.1
19.05;13.1
19.05;13.1
19.05;13.1
19.05;21.97
19.44;21.97
19.44;13.1
19.05;21.97
19.44;21.97
19.44;21.97
19.44;21.97
19.44;21.97
19.44;21.97
19.44;21.96
19.44;21.97
19.44;21.96
19.44;21.97
19.44;21.97
19.44;21.97
19.44;21.97
19.44;21.97
19.44;21.96
19.44;21.96
19.44;21.97
19.44;21.97
19.44;21.96
19.44;21.96
19.44;21.96
19.44;21.96
19.44;21.96
19.44;21.96
19.44;21.96
19.44;21.96
19.44;21.96
19.44;21.96
19.44;21.96
19.44;21.96
19.44;21.96
19.44;21.96
19.44;21.96
19.44;21.96
19.44;21.96
19.44;21.97
19.43;21.97
19.43;21.97
19.43;21.96
19.43;21.96
19.43;21.96
19.43;21.96
19.43;21.96
19.43;21.96
19.43;21.96
19.43;21.96
19.43;21.96
19.43;21.96
19.43;21.96
19.43;21.96
19.43;21.96
19.43;21.96
19.43;21.96
19.43;21.96
19.43;21.96
19.43;21.96
19.43;21.96
19.43;21.96
19.43;21.96
19.43;21.96
19.43;21.96
19.43;21.96
19.43;21.96
19.43;21.96
19.43;21.96
19.43;21.96
19.43;21.96
19.43;21.96
19.43;21.96
19.43;21.96
19.43;21.96
19.43;21.96
19.43;21.96
19.43;21.96
19.43;21.96
19.43;21.96
19.43;21.96
19.43;21.96
19.43;21.96
19.43;21.96
19.43;21.96
19.43;21.96
19.43;21.96
19.43;21.96
19.43;21.96
19.43;21.96
19.43;21.96
19.43;21.96
19.43;21.96
19.43;21.96
19.43;21.96
19.43;21.96
19.43;21.96
19.43;21.96
19.43;21.96
19.43;21.96
19.43;21.96
19.42;21.96
19.42;21.96
19.42;21.96
19.42;21.96
19.42;21.96
19.42;21.96
19.42;21.96
19.42;21.96
19.42;21.96
19.42;21.96
19.42;21.96
19.42;21.96
19.42;21.96
19.42;21.96
19.42;21.96
19.42;21.96
19.42;21.96
19.42;21.96
19.42;21.96
19.42;21.96
19.42;21.96
19.42;21.96
19.42;21.96
19.42;21.96
19.42;21.96
19.42;21.96
19.42;21.96
19.42;21.96
19.42;21.96
19.42;21.96
19.42;21.96
19.42;21.96
19.42;21.96
19.42;21.96
19.42;21.96
19.42;21.96
19.42;21.96
19.42;21.96
19.42;21.96
19.42;21.96
19.42;21.96
19.42;21.96
19.42;21.96
19.42;21.96
19.42;21.96
19.42;21.96
19.42;21.96
19.42;21.96
19.42;21.96
19.42;21.96
19.42;21.96
19.42;21.96
19.42;21.96
19.42;21.96
19.42;21.96
19.42;21.96
19.42;21.96
19.42;21.96
19.42;21.96
19.42;21.96
19.42;21.96
19.42;21.96
19.42;21.96
19.42;21.96
19.42;21.96
19.42;21.96
19.42;21.96
19.42;21.96
19.42;21.96
19.42;21.96
19.42;21.96
19.41;21.96
19.41;21.96
19.41;21.96
19.41;21.96
19.41;21.96
19.41;21.96
19.41;21.96
19.41;21.96
19.41;21.96
19.41;21.96
19.41;21.96
19.41;21.96
19.41;21.96
19.41;21.96
19.41;21.96
19.42;21.96
19.42;21.96
19.42;21.96
19.41;21.96
19.42;21.96
19.41;21.96
19.42;21.96
19.42;21.96
19.42;21.96
19.42;21.96
19.42;21.96
19.42;21.96
19.42;21.96
19.42;21.96
19.42;21.96
19.42;21.96
19.41;21.96
19.41;21.96
19.41;21.96
19.41;21.96
19.41;21.96
19.41;21.96
19.41;21.96
19.41;21.96
19.41;21.96
19.41;21.96
19.41;21.96
19.41;21.96
19.41;21.96
19.41;21.96
19.41;21.96
19.41;21.96
19.41;21.96
19.41;21.96
19.41;21.96
19.41;21.96
19.41;21.96
19.41;21.96
19.41;21.96
19.41;21.96
19.41;21.96
19.41;21.96
19.41;21.96
19.41;21.96
19.41;21.96
19.41;21.96
19.41;21.96
19.41;21.96
19.41;21.96
19.41;21.96
19.41;21.96
19.41;21.96
19.41;21.96
19.41;21.96
19.41;21.96
19.41;21.96
19.41;21.96
19.41;21.96
19.41;21.96
19.41;21.96
19.41;21.96
19.41;21.96
19.41;21.96
19.41;21.96
19.4;21.96
19.4;21.96
19.4;21.96
19.4;21.96
19.4;21.96
19.4;21.96
19.4;21.96
19.4;21.96
19.4;21.96
19.4;21.96
19.4;21.96
19.4;21.96
19.4;21.96
19.4;21.96
19.4;21.96
19.4;21.96
19.4;21.96
19.4;21.96
19.4;21.96
19.4;21.96
19.4;21.96
19.4;21.96
19.4;21.96
19.4;21.96
19.4;21.96
19.4;21.96
19.4;21.96
19.4;21.96
19.4;21.96
19.4;21.96
19.4;21.96
19.4;21.96
19.4;21.96
19.4;21.96
19.4;21.96
19.4;21.96
19.4;21.96
19.4;21.96
19.4;21.96
19.4;21.96
19.4;21.96
19.4;21.96
19.4;21.96
19.4;21.96
19.4;21.96
19.4;21.96
19.4;21.96
19.4;21.96
19.4;21.96
19.4;21.96
19.4;21.96
19.39;21.96
19.39;21.96
19.39;21.96
19.39;21.96
19.39;21.96
19.39;21.96
19.39;21.96
19.39;21.96
19.39;21.96
19.39;21.96
19.39;21.96
19.39;21.96
19.39;21.96
19.39;21.96
19.39;21.96
19.39;21.96
19.39;21.96
19.39;21.96
19.39;21.96
19.39;21.96
19.39;21.96
19.39;21.96
19.39;21.96
19.38;21.96
19.38;21.96
19.38;21.96
19.38;21.96
19.38;21.96
19.38;21.96
19.38;21.96
19.38;21.96
19.38;21.96
19.38;21.96
19.38;21.96
19.38;21.96
19.38;21.96
19.38;21.96
19.38;21.96
19.38;21.96
19.38;21.96
19.38;21.96
19.38;21.96
19.38;21.96
19.38;21.95
19.38;21.96
19.38;21.96
19.38;21.96
19.38;21.96
19.38;21.96
19.38;21.96
19.38;21.96
19.38;21.96
19.38;21.96
19.38;21.96
19.38;21.96
19.38;21.96
19.38;21.96
19.38;21.96
19.38;21.96
19.38;21.96
19.38;21.96
19.38;21.96
19.38;21.96
19.38;21.96
19.38;21.96
19.38;21.96
19.38;21.96
19.38;21.96
19.38;21.96
19.38;21.96
19.38;21.96
19.38;21.96
19.38;21.96
19.38;21.96
19.38;21.96
19.38;21.96
19.38;21.96
19.38;21.96
19.38;21.96
19.38;21.96
19.38;21.96
19.38;21.96
19.38;21.96
19.38;21.96
19.38;21.96
19.38;21.96
19.38;21.96
19.38;21.96
19.38;21.96
19.38;21.96
19.38;21.96
19.38;21.96
19.38;21.96
19.38;21.96
19.38;21.96
19.38;21.96
19.38;21.96
19.38;21.96
19.38;21.96
19.38;21.96
19.38;21.96
19.38;21.96
19.38;21.95
19.37;21.95
19.37;21.96
19.37;21.96
19.37;21.96
19.37;21.96
19.37;21.96
19.37;21.96
19.37;21.96
19.37;21.96
19.37;21.95
19.37;21.96
19.37;21.96
19.37;21.96
19.37;21.96
19.37;21.96
19.37;21.96
19.37;21.96
19.37;21.96
19.37;21.96
19.37;21.96
19.37;21.96
19.37;21.96
19.37;21.96
19.37;21.95
19.37;21.95
19.37;21.95
19.37;21.95
19.37;21.95
19.37;21.95
19.37;21.95
19.37;21.95
19.37;21.95
19.37;21.95
19.37;21.95
19.37;21.95
19.37;21.95
19.37;21.95
19.37;21.95
19.37;21.95
19.37;21.95
19.37;21.95
19.37;21.95
19.37;21.95
19.37;21.95
19.37;21.95
19.37;21.95
19.37;21.95
19.37;21.95
19.37;21.95
19.37;21.95
19.37;21.95
19.37;21.95
19.37;21.95
19.37;21.95
19.37;21.95
19.37;21.95
19.37;21.95
19.37;21.95
19.37;21.95
19.37;21.95
19.36;21.95
19.36;21.95
19.36;21.95
19.36;21.95
19.36;21.95
19.36;21.95
19.36;21.95
19.36;21.95
19.36;21.95
19.36;21.95
19.36;21.95
19.36;21.95
19.36;21.95
19.36;21.95
19.36;21.95
19.36;21.95
19.36;21.95
19.36;21.95
19.36;21.95
19.36;21.95
19.36;21.95
19.36;21.95
19.36;21.95
19.36;21.95
19.36;21.95
19.36;21.95
19.36;21.95
19.36;21.95
19.36;21.95
19.36;21.95
19.36;21.95
19.36;21.95
19.36;21.95
19.36;21.95
19.36;21.95
19.36;21.95
19.36;21.95
19.36;21.95
19.36;21.95
19.36;21.95
19.36;21.95
19.36;21.95
19.36;21.95
19.36;21.95
19.36;21.95
19.36;21.95
19.36;21.95
19.36;21.95
19.36;21.95
19.36;21.95
19.36;21.95
19.36;21.95
19.36;21.95
19.36;21.95
19.36;21.95
19.36;21.95
19.36;21.95
19.36;21.95
19.36;21.95
19.36;21.95
19.36;21.95
19.36;21.95
19.36;21.95
19.36;21.95
19.36;21.95
19.36;21.95
19.36;21.95
19.36;21.95
19.36;21.95
19.36;21.95
19.36;21.95
19.36;21.95
19.36;21.95
19.35;21.95
19.35;21.95
19.35;21.95
19.35;21.95
19.35;21.95
19.35;21.95
19.35;21.95
19.35;21.95
19.35;21.95
19.35;21.95
19.35;21.95
19.35;21.95
19.35;21.95
19.35;21.95
19.35;21.95
19.35;21.95
19.35;21.95
19.35;21.95
19.35;21.95
19.35;21.95
19.35;21.95
19.35;21.95
19.35;21.95
19.35;21.95
19.35;21.95
19.35;21.95
19.35;21.95
19.35;21.95
19.35;21.95
19.34;21.95
19.34;21.95
19.34;21.95
19.34;21.95
19.34;21.95
19.34;21.95
19.34;21.95
19.34;21.95
19.34;21.95
19.34;21.95
19.34;21.95
19.34;21.95
19.34;21.95
19.34;21.95
19.34;21.95
19.34;21.95
19.34;21.95
19.34;21.95
19.34;21.95
19.34;21.95
19.33;21.95
19.33;21.95
19.33;21.95
19.33;21.95
19.33;21.95
19.33;21.95
19.33;21.95
19.33;21.95
19.34;21.95
19.34;21.95
19.34;21.95
19.34;21.95
19.34;21.95
19.34;21.95
19.34;21.95
19.34;21.95
19.34;21.95
19.33;21.95
19.33;21.95
19.33;21.95
19.33;21.95
19.33;21.95
19.33;21.95
19.33;21.95
19.33;21.95
19.33;21.95
19.33;21.95
19.33;21.95
19.33;21.95
19.33;21.95
19.33;21.95
19.33;21.95
19.33;21.95
19.33;21.95
19.33;21.95
19.33;21.95
19.33;21.95
19.33;21.95
19.33;21.95
19.33;21.95
19.33;21.95
19.33;21.95
19.33;21.95
19.33;21.95
19.33;21.95
19.33;21.95
19.33;21.95
19.33;21.95
19.33;21.95
19.33;21.95
19.33;21.95
19.33;21.95
19.33;21.95
19.33;21.95
19.33;21.95
19.33;21.95
19.33;21.95
19.33;21.95
19.33;21.95
19.33;21.95
19.33;21.95
19.33;21.95
19.33;21.95
19.33;21.95
19.33;21.95
19.33;21.95
19.33;21.95
19.33;21.95
19.33;21.95
19.33;21.95
19.33;21.95
19.33;21.95
19.33;21.95
19.33;21.95
19.33;21.95
19.33;21.95
19.32;21.95
19.32;21.95
19.32;21.95
19.32;21.95
19.32;21.95
19.32;21.95
19.32;21.95
19.32;21.95
19.32;21.95
19.32;21.95
19.32;21.95
19.32;21.95
19.32;21.95
19.32;21.95
19.32;21.95
19.32;21.95
19.32;21.95
19.32;21.95
19.32;21.95
19.32;21.95
19.32;21.95
19.32;21.95
19.32;21.95
19.32;21.95
19.32;21.95
19.32;21.95
19.32;21.95
19.32;21.95
19.32;21.95
19.32;21.95
19.32;21.95
19.32;21.95
19.32;21.95
19.32;21.95
19.32;21.95
19.32;21.95
19.32;21.95
19.32;21.95
19.32;21.95
19.32;21.95
19.32;21.95
19.32;21.95
19.32;21.95
19.32;21.94
19.55;21.94
19.55;21.94
19.55;21.94
19.55;21.94
19.55;21.94
19.55;21.94
19.55;21.94
19.55;21.94
19.55;21.94
19.55;21.94
19.55;21.94
19.55;21.94
19.55;21.94
19.55;21.94
19.55;21.94
19.55;21.94
19.55;21.94
19.55;21.94
19.55;21.94
19.55;21.94
19.55;21.94
19.55;21.94
19.55;21.94
19.55;21.94
19.55;21.94
19.55;21.94
19.55;21.94
19.55;21.94
19.55;21.94
19.55;21.94
19.55;21.94
19.55;21.94
19.55;21.94
19.55;21.94
19.55;21.94
19.54;21.94
19.54;21.94
19.54;21.94
19.54;21.94
19.54;21.94
19.54;21.94
19.54;21.94
19.54;21.94
19.54;21.94
19.54;21.94
19.54;21.94
19.54;21.94
19.54;21.94
19.54;21.94
19.54;21.94
19.54;21.94
19.54;21.94
19.54;21.94
19.53;21.94
19.53;21.94
19.54;21.94
19.53;21.94
19.54;21.94
19.54;21.94
19.54;21.94
19.54;21.94
19.53;21.94
19.53;21.94
19.53;21.94
19.53;21.94
19.53;21.94
19.53;21.94
19.53;21.94
19.54;21.94
19.54;21.94
19.54;21.94
19.54;21.94
19.54;21.94
19.54;21.94
19.53;21.94
19.53;21.94
19.53;21.94
19.53;21.94
19.53;21.94
19.53;21.94
19.53;21.94
19.53;21.94
19.53;21.94
19.53;21.94
19.53;21.94
19.53;21.94
19.53;21.94
19.53;21.94
19.53;21.94
19.53;21.94
19.53;21.94
19.53;21.94
19.53;21.94
19.53;21.94
19.53;21.94
19.53;21.94
19.53;21.94
19.53;21.94
19.53;21.94
19.53;21.93
19.53;21.94
19.53;21.94
19.53;21.94
19.53;21.94
19.53;21.94
19.53;21.94
19.53;21.94
19.53;21.94
19.53;21.94
19.53;21.94
19.53;21.94
19.53;21.93
19.52;21.93
19.52;21.93
19.52;21.93
19.52;21.93
19.52;21.93
19.52;21.93
19.52;21.93
19.52;21.93
19.52;21.93
19.52;21.93
19.52;21.93
19.52;21.93
19.52;21.93
19.52;21.93
19.52;21.93
19.52;21.93
19.52;21.94
19.53;21.94
19.53;21.93
19.53;21.94
19.52;21.94
19.52;21.94
19.52;21.93
19.52;21.93
19.52;21.94
19.52;21.94
19.52;21.93
19.52;21.94
19.52;21.93
19.53;21.93
19.52;21.94
19.52;21.94
19.52;21.94
19.52;21.94
19.52;21.94
19.52;21.94
19.52;21.93
19.52;21.93
19.52;21.93
19.52;21.93
19.52;21.93
19.52;21.93
19.52;21.93
19.52;21.93
19.52;21.93
19.52;21.93
19.52;21.93
19.52;21.93
19.52;21.93
19.52;21.93
19.52;21.93
19.52;21.93
19.52;21.93
19.52;21.93
19.52;21.93
19.52;21.93
19.52;21.93
19.52;21.93
19.52;21.93
19.52;21.93
19.51;21.93
19.51;21.93
19.51;21.93
19.51;21.93
19.51;21.93
19.51;21.93
19.51;21.93
19.51;21.93
19.51;21.93
19.51;21.93
19.51;21.93
19.51;21.93
19.51;21.93
19.51;21.93
19.51;21.93
19.51;21.93
19.51;21.93
19.51;21.93
19.51;21.93
19.51;21.93
19.51;21.93
19.51;21.93
19.51;21.93
19.51;21.93
19.51;21.93
19.51;21.93
19.51;21.93
19.51;21.93
19.51;21.93
19.51;21.93
19.51;21.93
19.51;21.93
19.51;21.93
19.51;21.93
19.51;21.93
19.51;21.93
19.51;21.93
19.51;21.93
19.51;21.93
19.51;21.93
19.51;21.93
19.51;21.93
19.5;21.93
19.5;21.93
19.5;21.93
19.5;21.93
19.5;21.93
19.5;21.93
19.5;21.93
19.5;21.93
19.5;21.93
19.5;21.93
19.5;21.93
19.5;21.93
19.5;21.93
19.5;21.93
19.5;21.93
19.5;21.93
19.5;21.93
19.5;21.93
19.5;21.93
19.5;21.93
19.5;21.93
19.5;21.93
19.5;21.93
19.5;21.93
19.5;21.93
19.5;21.93
19.5;21.93
19.5;21.93
19.5;21.93
19.5;21.93
19.49;21.93
19.49;21.93
19.49;21.93
19.49;21.93
19.49;21.93
19.49;21.93
19.49;21.93
19.49;21.93
19.49;21.93
19.49;21.93
19.49;21.93
19.49;21.93
19.49;21.93
19.49;21.93
19.49;21.93
19.49;21.93
19.49;21.93
19.49;21.93
19.49;21.93
19.49;21.93
19.49;21.93
19.49;21.93
19.49;21.93
19.49;21.93
19.49;21.93
19.49;21.93
19.49;21.93
19.49;21.93
19.49;21.93
19.49;21.93
19.49;21.93
19.49;21.93
19.49;21.93
19.49;21.93
19.49;21.93
19.49;21.93
19.49;21.93
19.49;21.93
19.49;21.93
19.49;21.93
19.49;21.93
19.49;21.93
19.49;21.93
19.49;21.93
19.48;21.93
19.48;21.93
19.48;21.93
19.48;21.93
19.48;21.93
19.48;21.93
19.48;21.93
19.48;21.93
19.48;21.93
19.48;21.93
19.48;21.93
19.48;21.93
19.48;21.93
19.48;21.93
19.48;21.93
19.48;21.93
19.48;21.93
19.48;21.93
19.48;21.93
19.48;21.93
19.48;21.93
19.48;21.93
19.48;21.93
19.48;21.93
19.48;21.93
19.48;21.93
19.48;21.93
19.48;21.93
19.48;21.93
19.48;21.93
19.48;21.93
19.48;21.93
19.48;21.93
19.48;21.93
19.48;21.93
19.48;21.93
19.48;21.93
19.48;21.93
19.48;21.93
19.48;21.93
19.48;21.93
19.48;21.93
19.48;21.93
19.48;21.93
19.48;21.93
19.48;21.93
19.48;21.93
19.48;21.93
19.48;21.93
19.48;21.93
19.48;21.93
19.48;21.93
19.49;21.93
19.49;21.93
19.49;21.93
19.49;21.93
19.48;21.93
19.48;21.93
19.48;21.93
19.48;21.93
19.48;21.93
19.48;21.93
19.48;21.93
19.48;21.93
19.48;21.93
19.48;21.93
19.48;21.93
19.48;21.93
19.48;21.93
19.48;21.93
19.48;21.93
19.48;21.93
19.48;21.93
19.48;21.93
19.48;21.93
19.48;21.93
19.48;21.93
19.48;21.93
19.48;21.93
19.48;21.93
19.48;21.93
19.47;21.92
19.47;21.92
19.47;21.93
19.47;21.92
19.47;21.93
19.47;21.92
19.47;21.93
19.47;21.92
19.47;21.92
19.47;21.92
19.47;21.92
19.47;21.92
19.47;21.92
19.47;21.92
19.47;21.92
19.47;21.92
19.47;21.92
19.47;21.92
19.47;21.92
19.47;21.92
19.47;21.92
19.47;21.92
19.47;21.92
19.47;21.92
19.47;21.92
19.47;21.92
19.47;21.92
19.47;21.92
19.47;21.92
19.47;21.92
19.47;21.92
19.47;21.92
19.47;21.92
19.47;21.92
19.47;21.92
19.47;21.92
19.47;21.92
19.47;21.92
19.47;21.92
19.47;21.92
19.47;21.92
19.47;21.92
19.47;21.92
19.47;21.92
19.47;21.92
19.47;21.92
19.47;21.92
19.47;21.92
19.47;21.92
19.47;21.92
19.47;21.92
19.47;21.92
19.47;21.92
19.47;21.92
19.47;21.92
19.47;21.92
19.47;21.92
19.47;21.92
19.46;21.92
19.46;21.92
19.46;21.92
19.46;21.92
19.46;21.92
19.46;21.92
19.46;21.92
19.47;21.92
19.47;21.92
19.47;21.92
19.47;21.92
19.47;21.92
19.47;21.92
19.47;21.92
19.47;21.92
19.47;21.92
19.47;21.92
19.47;21.92
19.47;21.92
19.47;21.92
19.47;21.92
19.47;21.92
19.47;21.92
19.47;21.92
19.47;21.92
19.47;21.92
19.47;21.92
19.47;21.92
19.47;21.92
19.47;21.92
19.46;21.92
19.46;21.92
19.46;21.92
19.47;21.92
19.47;21.92
19.47;21.92
19.47;21.92
19.47;21.92
19.47;21.92
19.47;21.92
19.47;21.92
19.47;21.92
19.47;21.92
19.47;21.92
19.47;21.92
19.47;21.92
19.47;21.92
19.47;21.92
19.47;21.92
19.47;21.92
19.47;21.92
19.46;21.92
19.47;21.92
19.47;21.92
19.46;21.92
19.46;21.92
19.46;21.92
19.46;21.92
19.46;21.92
19.46;21.92
19.46;21.92
19.46;21.92
19.46;21.92
19.46;21.92
19.46;21.92
19.46;21.92
19.46;21.92
19.46;21.92
19.45;21.92
19.45;21.92
19.45;21.92
19.45;21.92
19.45;21.92
19.45;21.92
19.45;21.92
19.45;21.92
19.45;21.92
19.46;21.92
19.46;21.92
19.46;21.92
19.46;21.92
19.45;21.92
19.45;21.92
19.45;21.92
19.45;21.92
19.45;21.92
19.45;21.92
19.45;21.92
19.45;21.92
19.45;21.92
19.45;21.92
19.45;21.92
19.45;21.92
19.45;21.92
19.45;21.92
19.45;21.92
19.45;21.92
19.45;21.92
19.45;21.92
19.45;21.92
19.45;21.92
19.46;21.92
19.46;21.92
19.46;21.92
19.46;21.92
19.46;21.92
19.46;21.92
19.46;21.92
19.46;21.92
19.46;21.92
19.46;21.92
19.46;21.92
19.45;21.92
19.45;21.92
19.45;21.92
19.45;21.92
19.45;21.92
19.45;21.92
19.45;21.92
19.45;21.92
19.45;21.92
19.45;21.92
19.45;21.92
19.45;21.92
19.45;21.92
19.45;21.92
19.45;21.92
19.45;21.92
19.45;21.92
19.45;21.92
19.45;21.92
19.45;21.92
19.45;21.92
19.45;21.92
19.45;21.92
19.45;21.92
19.45;21.92
19.45;21.92
19.45;21.92
19.45;21.92
19.45;21.92
19.45;21.92
19.45;21.92
19.45;21.92
19.45;21.92
19.45;21.92
19.45;21.92
19.45;21.92
19.45;21.92
19.45;21.92
19.45;21.92
19.45;21.92
19.45;21.92
19.45;21.92
19.45;21.92
19.45;21.92
19.45;21.92
19.45;21.92
19.45;21.92
19.45;21.92
19.45;21.92
19.45;21.92
19.45;21.92
19.44;21.92
19.45;21.92
19.44;21.92
19.45;21.92
19.45;21.92
19.45;21.92
19.45;21.92
19.45;21.92
19.45;21.92
19.45;21.92
19.44;21.92
19.44;21.92
19.44;21.92
19.44;21.92
19.44;21.92
19.44;21.92
19.44;21.92
19.44;21.92
19.44;21.92
19.44;21.92
19.44;21.92
19.44;21.92
19.44;21.92
19.44;21.92
19.44;21.92
19.44;21.92
19.44;21.92
19.44;21.92
19.44;21.92
19.44;21.92
19.44;21.92
19.44;21.92
19.44;21.92
19.45;21.92
19.44;21.92
19.45;21.92
19.44;21.92
19.44;21.92
19.44;21.92
19.44;21.92
19.44;21.92
19.44;21.92
19.44;21.92
19.44;21.92
19.44;21.92
19.44;21.92
19.44;21.92
19.44;21.92
19.44;21.92
19.44;21.92
19.44;21.92
19.44;21.92
19.44;21.92
19.44;21.92
19.44;21.92
19.44;21.92
19.44;21.92
19.44;21.92
19.44;21.92
19.44;21.92
19.44;21.92
19.44;21.92
19.44;21.92
19.44;21.92
19.44;21.92
19.44;21.92
19.44;21.92
19.44;21.92
19.44;21.92
19.44;21.92
19.43;21.92
19.44;21.92
19.43;21.92
19.43;21.92
19.43;21.92
19.43;21.92
19.43;21.92
19.43;21.92
19.43;21.92
19.43;21.92
19.43;21.92
19.43;21.92
19.43;21.92
19.43;21.92
19.43;21.92
19.43;21.92
19.43;21.92
19.43;21.92
19.43;21.92
19.43;21.92
19.43;21.92
19.43;21.92
19.43;21.92
19.43;21.92
19.43;21.92
19.43;21.92
19.43;21.92
19.43;21.92
19.43;21.92
19.44;21.92
19.44;21.92
19.43;21.92
19.43;21.92
19.43;21.92
19.43;21.92
19.43;21.92
19.43;21.92
19.43;21.92
19.43;21.92
19.43;21.92
19.43;21.92
19.43;21.92
19.43;21.92
19.43;21.92
19.43;21.92
19.43;21.92
19.43;21.92
19.43;21.92
19.43;21.92
19.43;21.92
19.43;21.92
19.43;21.92
19.43;21.92
19.43;21.92
19.43;21.92
19.43;21.92
19.43;21.92
19.43;21.92
19.43;21.92
19.43;21.92
19.43;21.92
19.43;21.92
19.43;21.92
19.43;21.92
19.43;21.92
19.43;21.92
19.43;21.92
19.43;21.92
19.43;21.92
19.43;21.92
19.43;21.92
19.43;21.92
19.42;21.92
19.42;21.92
19.42;21.92
19.42;21.92
19.42;21.92
19.42;21.92
19.42;21.92
19.42;21.92
19.42;21.92
19.42;21.92
19.42;21.92
19.42;21.92
19.42;21.92
19.42;21.92
19.42;21.92
19.42;21.92
19.42;21.92
19.42;21.92
19.42;21.92
19.42;21.92
19.42;21.92
19.42;21.92
19.42;21.92
19.42;21.92
19.42;21.92
19.42;21.92
19.42;21.92
19.42;21.92
19.42;21.92
19.42;21.92
19.42;21.92
19.42;21.92
19.42;21.92
19.42;21.92
19.42;21.92
19.42;21.92
19.42;21.92
19.42;21.92
19.42;21.92
19.42;21.92
19.42;21.92
19.42;21.92
19.42;21.92
19.42;21.92
19.42;21.92
19.42;21.92
19.42;21.92
19.42;21.92
19.42;21.92
19.42;21.92
19.42;21.92
19.41;21.92
19.41;21.92
19.41;21.92
19.41;21.92
19.41;21.92
19.41;21.92
19.41;21.92
19.42;21.92
19.42;21.92
19.42;21.92
19.42;21.92
19.42;21.92
19.42;21.92
19.42;21.92
19.42;21.92
19.42;21.92
19.42;21.92
19.42;21.92
19.42;21.92
19.42;21.92
19.42;21.92
19.42;21.92
19.42;21.92
19.41;21.92
19.41;21.92
19.41;21.92
19.41;21.92
19.41;21.92
19.41;21.91
19.41;21.92
19.41;21.92
19.41;21.92
19.41;21.91
19.41;21.91
19.41;21.91
19.41;21.92
19.41;21.91
19.41;21.91
19.41;21.92
19.41;21.92
19.41;21.92
19.41;21.92
19.41;21.92
19.41;21.92
19.41;21.92
19.41;21.92
19.41;21.92
19.41;21.92
19.41;21.92
19.41;21.92
19.41;21.92
19.41;21.92
19.41;21.92
19.41;21.92
19.41;21.92
19.41;21.92
19.41;21.92
19.41;21.92
19.41;21.92
19.41;21.92
19.41;21.92
19.41;21.92
19.41;21.92
19.41;21.92
19.41;21.92
19.41;21.92
19.41;21.92
19.41;21.92
19.41;21.92
19.41;21.92
19.41;21.92
19.41;21.92
19.41;21.92
19.41;21.92
19.41;21.92
19.41;21.92
19.41;21.92
19.41;21.92
19.41;21.92
19.41;21.92
19.41;21.92
19.41;21.92
19.41;21.92
19.41;21.92
19.41;21.92
19.42;21.92
19.42;21.92
19.42;21.92
19.42;21.92
19.42;21.92
19.42;21.92
19.42;21.92
19.42;21.92
19.42;21.92
19.42;21.92
19.42;21.92
19.42;21.92
19.42;21.92
19.41;21.92
19.41;21.92
19.41;21.92
19.41;21.92
19.41;21.92
19.41;21.92
19.41;21.92
19.41;21.92
19.41;21.92
19.41;21.92
19.41;21.92
19.42;21.92
19.42;21.92
19.42;21.92
19.42;21.92
19.42;21.92
19.42;21.92
19.42;21.92
19.42;21.92
19.42;21.92
19.42;21.92
19.42;21.92
19.42;21.92
19.42;21.92
19.42;21.92
19.42;21.92
19.42;21.92
19.42;21.92
19.42;21.92
19.42;21.92
19.43;21.92
19.43;21.92
19.43;21.92
19.43;21.92
19.43;21.92
19.43;21.92
19.43;21.92
19.43;21.92
19.43;21.92
19.43;21.92
19.43;21.92
19.43;21.92
19.43;21.92
19.43;21.92
19.43;21.92
19.43;21.92
19.43;21.92
19.43;21.92
19.42;21.92
19.42;21.92
19.42;21.92
19.42;21.92
19.42;21.92
19.42;21.92
19.42;21.92
19.42;21.92
19.42;21.92
19.42;21.92
19.42;21.92
19.42;21.92
19.43;21.92
19.43;21.92
19.42;21.92
19.43;21.92
19.43;21.92
19.43;21.92
19.43;21.92
19.43;21.92
19.43;21.92
19.43;21.92
19.43;21.92
19.43;21.92
19.43;21.92
19.43;21.92
19.43;21.92
19.44;21.92
19.44;21.92
19.43;21.92
19.43;21.92
19.43;21.92
19.43;21.92
19.43;21.92
19.43;21.92
19.43;21.92
19.43;21.92
19.43;21.92
19.43;21.92
19.43;21.92
19.43;21.92
19.43;21.92
19.43;21.92
19.43;21.92
19.43;21.92
19.43;21.92
19.43;21.92
19.43;21.92
19.43;21.92
19.43;21.92
19.43;21.92
19.43;21.92
19.43;21.92
19.43;21.92
19.43;21.92
19.43;21.92
19.43;21.92
19.43;21.92
19.44;21.92
19.44;21.92
19.44;21.92
19.44;21.92
19.44;21.92
19.44;21.92
19.44;21.92
19.44;21.92
19.44;21.92
19.44;21.92
19.44;21.92
19.44;21.92
19.44;21.92
19.44;21.92
19.44;21.92
19.44;21.92
19.44;21.92
19.44;21.92
19.44;21.92
19.44;21.92
19.44;21.92
19.44;21.92
19.44;21.92
19.44;21.92
19.44;21.92
19.44;21.92
19.44;21.92
19.44;21.92
19.44;21.92
19.44;21.92
19.44;21.92
19.44;21.92
19.44;21.92
19.44;21.92
19.44;21.92
19.44;21.92
19.44;21.92
19.44;21.92
19.44;21.92
19.44;21.92
19.44;21.92
19.44;21.92
19.44;21.92
19.44;21.92
19.44;21.92
19.44;21.92
19.44;21.92
19.44;21.92
19.44;21.92
19.44;21.92
19.44;21.92
19.44;21.92
19.44;21.92
19.44;21.92
19.44;21.92
19.44;21.92
19.44;21.92
19.44;21.92
19.44;21.92
19.44;21.92
19.44;21.92
19.44;21.92
19.44;21.92
19.44;21.92
19.44;21.92
19.44;21.92
19.44;21.92
19.44;21.92
19.44;21.92
19.44;21.92
19.44;21.92
19.44;21.92
19.44;21.92
19.44;21.92
19.44;21.92
19.44;21.92
19.44;21.92
19.44;21.92
19.44;21.92
19.44;21.92
19.44;21.92
19.44;21.92
19.44;21.92
19.44;21.92
19.44;21.92
19.44;21.92
19.44;21.92
19.44;21.92
19.44;21.92
19.44;21.92
19.44;21.92
19.44;21.92
19.44;21.92
19.44;21.92
19.44;21.92
19.44;21.92
19.44;21.92
19.44;21.92
19.44;21.92
19.44;21.92
19.44;21.92
19.44;21.92
19.44;21.92
19.44;21.92
19.44;21.92
19.44;21.92
19.44;21.92
19.44;21.92
19.44;21.92
19.44;21.92
19.44;21.92
19.44;21.92
19.44;21.92
19.44;21.92
19.44;21.92
19.44;21.92
19.44;21.92
19.44;21.92
19.44;21.92
19.44;21.92
19.44;21.92
19.44;21.92
19.44;21.92
19.44;21.92
19.44;21.92
19.44;21.92
19.44;21.92
19.44;21.92
19.44;21.92
19.44;21.92
19.44;21.92
19.44;21.92
19.44;21.92
19.44;21.92
19.44;21.92
19.44;21.92
19.44;21.92
19.45;21.92
19.45;21.92
19.45;21.92
19.45;21.92
19.45;21.92
19.44;21.92
19.44;21.92
19.44;21.92
19.44;21.92
19.44;21.92
19.44;21.92
19.44;21.92
19.44;21.92
19.44;21.92
19.44;21.92
19.44;21.92
19.44;21.92
19.44;21.92
19.44;21.92
19.44;21.92
19.44;21.92
19.44;21.92
19.44;21.92
19.44;21.92
19.44;21.92
19.44;21.92
19.44;21.92
19.44;21.92
19.44;21.92
19.44;21.92
19.44;21.92
19.44;21.92
19.44;21.92
19.44;21.92
19.44;21.92
19.44;21.92
19.44;21.92
19.44;21.92
19.44;21.92
19.44;21.92
19.44;21.92
19.44;21.92
19.44;21.92
19.44;21.92
19.44;21.92
19.44;21.92
19.44;21.92
19.44;21.92
19.44;21.92
19.44;21.92
19.44;21.92
19.44;21.92
19.44;21.92
19.44;21.92
19.44;21.92
19.44;21.92
19.44;21.92
19.44;21.92
19.44;21.92
19.44;21.92
19.44;21.92
19.45;21.92
19.45;21.92
19.45;21.92
19.45;21.92
19.45;21.92
19.45;21.92
19.45;21.92
19.45;21.92
19.45;21.92
19.45;21.92
19.45;21.92
19.45;21.92
19.45;21.92
19.45;21.92
19.45;21.92
19.45;21.92
19.45;21.92
19.45;21.92
19.45;21.92
19.45;21.92
19.45;21.92
19.45;21.92
19.45;21.92
19.45;21.92
19.45;21.92
19.44;21.92
19.44;21.92
19.44;21.92
19.44;21.92
19.44;21.92
19.44;21.92
19.44;21.92
19.44;21.92
19.44;21.92
19.44;21.92
19.44;21.92
19.44;21.92
19.44;21.92
19.44;21.92
19.44;21.92
19.44;21.92
19.44;21.92
19.44;21.92
19.44;21.92
19.44;21.92
19.45;21.92
19.44;21.92
19.45;21.92
19.45;21.92
19.45;21.92
19.45;21.92
19.45;21.92
19.45;21.92
19.45;21.92
19.45;21.92
19.45;21.92
19.45;21.92
19.45;21.92
19.45;21.92
19.45;21.92
19.45;21.92
19.45;21.92
19.45;21.92
19.45;21.92
19.45;21.92
19.45;21.92
19.44;21.92
19.44;21.92
19.44;21.92
19.44;21.92
19.44;21.92
19.44;21.92
19.44;21.92
19.44;21.92
19.44;21.92
19.44;21.92
19.44;21.92
19.44;21.92
19.44;21.92
19.44;21.92
19.44;21.92
19.44;21.92
19.44;21.92
19.44;21.92
19.44;21.92
19.44;21.92
19.44;21.92
19.44;21.92
19.44;21.92
19.44;21.92
19.44;21.92
19.44;21.92
19.44;21.92
19.44;21.92
19.44;21.92
19.44;21.92
19.44;21.92
19.44;21.92
19.44;21.92
19.44;21.92
19.44;21.92
19.44;21.92
19.44;21.92
19.44;21.92
19.44;21.92
19.45;21.92
19.44;21.92
19.44;21.92
19.44;21.92
19.44;21.92
19.44;21.92
19.44;21.92
19.44;21.92
19.44;21.92
19.44;21.92
19.44;21.92
19.44;21.94
19.72;21.94
19.72;21.94
19.72;21.94
19.72;21.93
19.72;21.93
19.72;21.93
19.72;21.93
19.72;21.93
19.72;21.93
19.72;21.93
19.72;21.93
19.72;21.93
19.72;21.93
19.72;21.93
19.72;21.93
19.72;21.93
19.72;21.93
19.72;21.93
19.72;21.93
19.72;21.93
19.71;21.93
19.71;21.93
19.71;21.93
19.71;21.93
19.71;21.93
19.71;21.93
19.71;21.93
19.71;21.93
19.71;21.93
19.71;21.93
19.71;21.93
19.71;21.93
19.71;21.93
19.72;21.93
19.72;21.93
19.72;21.93
19.72;21.93
19.72;21.93
19.72;21.93
19.72;21.93
19.71;21.93
19.71;21.93
19.71;21.93
19.71;21.93
19.71;21.93
19.71;21.93
19.71;21.93
19.71;21.93
19.71;21.93
19.71;21.93
19.7;21.93
19.7;21.93
19.7;21.93
19.7;21.93
19.7;21.93
19.7;21.93
19.7;21.93
19.7;21.93
19.7;21.93
19.7;21.93
19.7;21.93
19.7;21.93
19.7;21.93
19.7;21.93
19.7;21.93
19.69;21.93
19.69;21.93
19.69;21.93
19.69;21.93
19.69;21.93
19.69;21.93
19.69;21.93
19.69;21.93
19.69;21.93
19.69;21.93
19.69;21.93
19.69;21.93
19.69;21.93
19.69;21.93
19.69;21.93
19.69;21.93
19.69;21.93
19.69;21.93
19.69;21.93
19.69;21.93
19.69;21.93
19.69;21.93
19.69;21.93
19.69;21.93
19.69;21.93
19.69;21.93
19.69;21.93
19.69;21.93
19.69;21.93
19.69;21.93
19.69;21.93
19.69;21.93
19.69;21.93
19.69;21.93
19.69;21.93
19.69;21.93
19.69;21.93
19.69;21.93
19.69;21.93
19.69;21.93
19.7;21.93
19.69;21.93
19.69;21.93
19.69;21.93
19.69;21.93
19.69;21.93
19.69;21.93
19.7;21.93
19.7;21.93
19.69;21.93
19.69;21.93
19.69;21.93
19.69;21.93
19.69;21.93
19.68;21.93
19.68;21.93
19.68;21.93
19.68;21.93
19.68;21.93
19.68;21.92
19.68;21.92
19.68;21.92
19.68;21.92
19.68;21.92
19.68;21.92
19.68;21.92
19.68;21.92
19.68;21.92
19.68;21.92
19.68;21.92
19.68;21.92
19.68;21.92
19.68;21.92
19.68;21.93
19.68;21.93
19.68;21.93
19.68;21.93
19.68;21.93
19.68;21.93
19.68;21.93
19.68;21.93
19.68;21.93
19.68;21.93
19.69;21.93
19.69;21.93
19.69;21.93
19.69;21.93
19.69;21.93
19.69;21.93
19.69;21.93
19.69;21.93
19.69;21.93
19.69;21.93
19.69;21.93
19.69;21.93
19.69;21.93
19.69;21.93
19.69;21.93
19.69;21.93
19.69;21.93
19.69;21.93
19.69;21.93
19.69;21.93
19.69;21.93
19.69;21.93
19.69;21.93
19.69;21.93
19.68;21.93
19.68;21.93
19.68;21.93
19.68;21.93
19.68;21.93
19.68;21.93
19.68;21.93
19.68;21.92
19.68;21.92
19.68;21.92
19.67;21.92
19.67;21.92
19.67;21.92
19.67;21.92
19.67;21.92
19.67;21.92
19.67;21.92
19.67;21.92
19.67;21.92
19.67;21.92
19.67;21.92
19.67;21.92
19.67;21.92
19.67;21.92
19.67;21.92
19.67;21.92
19.67;21.93
19.67;21.93
19.67;21.93
19.68;21.93
19.68;21.93
19.67;21.93
19.67;21.93
19.68;21.93
19.68;21.93
19.68;21.93
19.68;21.93
19.68;21.93
19.68;21.93
19.68;21.93
19.67;21.93
19.67;21.93
19.67;21.93
19.67;21.93
19.67;21.92
19.67;21.92
19.67;21.92
19.67;21.92
19.67;21.92
19.67;21.92
19.67;21.92
19.67;21.92
19.67;21.92
19.67;21.92
19.67;21.92
19.67;21.92
19.67;21.92
19.67;21.93
19.67;21.93
19.67;21.93
19.67;21.93
19.67;21.93
19.67;21.93
19.67;21.93
19.67;21.93
19.68;21.93
19.68;21.93
19.68;21.93
19.68;21.93
19.68;21.93
19.68;21.93
19.67;21.93
19.67;21.93
19.67;21.93
19.67;21.93
19.68;21.93
19.68;21.93
19.68;21.93
19.68;21.93
19.68;21.93
19.68;21.93
19.68;21.93
19.67;21.93
19.67;21.93
19.67;21.93
19.67;21.93
19.67;21.93
19.67;21.93
19.67;21.93
19.67;21.93
19.67;21.93
19.67;21.93
19.67;21.93
19.67;21.93
19.68;21.93
19.68;21.93
19.68;21.93
19.68;21.93
19.68;21.93
19.68;21.93
19.68;21.93
19.68;21.93
19.68;21.93
19.68;21.93
19.68;21.93
19.68;21.93
19.68;21.93
19.68;21.93
19.68;21.93
19.68;21.93
19.68;21.93
19.68;21.93
19.68;21.93
19.68;21.93
19.68;21.93
19.68;21.93
19.68;21.93
19.68;21.93
19.68;21.93
19.68;21.93
19.68;21.93
19.68;21.93
19.68;21.93
19.67;21.93
19.67;21.93
19.67;21.93
19.67;21.93
19.67;21.93
19.67;21.93
19.67;21.93
19.67;21.93
19.67;21.93
19.67;21.93
19.67;21.93
19.67;21.93
19.67;21.93
19.67;21.93
19.67;21.93
19.67;21.93
19.67;21.93
19.67;21.93
19.67;21.93
19.67;21.93
19.67;21.93
19.67;21.93
19.67;21.93
19.67;21.93
19.67;21.93
19.67;21.93
19.67;21.93
19.67;21.93
19.67;21.93
19.67;21.93
19.67;21.93
19.67;21.93
19.67;21.93
19.67;21.93
19.67;21.93
19.67;21.93
19.67;21.93
19.67;21.93
19.67;21.93
19.67;21.93
19.67;21.93
19.67;21.93
19.67;21.93
19.67;21.93
19.67;21.93
19.67;21.93
19.67;21.93
19.67;21.93
19.67;21.93
19.67;21.93
19.67;21.93
19.67;21.93
19.67;21.93
19.67;21.93
19.67;21.93
19.67;21.93
19.67;21.93
19.67;21.93
19.67;21.93
19.67;21.93
19.67;21.93
19.67;21.93
19.67;21.93
19.67;21.93
19.67;21.93
19.67;21.93
19.67;21.93
19.67;21.93
19.67;21.93
19.66;21.93
19.66;21.93
19.66;21.93
19.66;21.93
19.66;21.93
19.66;21.93
19.66;21.93
19.66;21.93
19.66;21.93
19.66;21.93
19.66;21.93
19.66;21.93
19.66;21.93
19.66;21.93
19.66;21.93
19.67;21.93
19.67;21.93
19.67;21.93
19.67;21.93
19.67;21.93
19.67;21.93
19.67;21.93
19.66;21.93
19.66;21.93
19.66;21.93
19.66;21.93
19.66;21.93
19.66;21.93
19.66;21.93
19.66;21.93
19.66;21.93
19.66;21.93
19.66;21.93
19.66;21.93
19.66;21.93
19.66;21.93
19.66;21.93
19.66;21.93
19.66;21.93
19.66;21.93
19.66;21.93
19.66;21.93
19.66;21.93
19.66;21.93
19.66;21.93
19.66;21.93
19.66;21.93
19.66;21.93
19.66;21.93
19.66;21.93
19.66;21.93
19.66;21.93
19.66;21.93
19.66;21.93
19.66;21.93
19.66;21.93
19.66;21.93
19.66;21.93
19.66;21.93
19.66;21.93
19.67;21.93
19.67;21.93
19.67;21.93
19.66;21.93
19.66;21.93
19.66;21.93
19.66;21.93
19.66;21.93
19.66;21.93
19.66;21.93
19.66;21.93
19.66;21.93
19.66;21.93
19.66;21.93
19.66;21.93
19.66;21.93
19.66;21.93
19.66;21.93
19.66;21.93
19.66;21.93
19.66;21.93
19.66;21.93
19.66;21.93
19.66;21.93
19.66;21.93
19.66;21.93
19.66;21.93
19.66;21.93
19.66;21.93
19.66;21.93
19.67;21.93
19.67;21.93
19.67;21.93
19.67;21.93
19.67;21.93
19.67;21.93
19.67;21.93
19.67;21.93
19.67;21.93
19.67;21.93
19.67;21.93
19.67;21.93
19.67;21.93
19.67;21.93
19.67;21.93
19.67;21.93
19.67;21.93
19.67;21.93
19.67;21.93
19.67;21.93
19.67;21.93
19.67;21.93
19.67;21.93
19.67;21.93
19.66;21.93
19.66;21.93
19.66;21.93
19.66;21.93
19.66;21.93
19.66;21.93
19.66;21.93
19.66;21.93
19.66;21.93
19.66;21.93
19.66;21.93
19.66;21.93
19.66;21.93
19.66;21.93
19.66;21.93
19.66;21.93
19.66;21.93
19.66;21.93
19.66;21.93
19.65;21.93
19.65;21.93
19.65;21.93
19.65;21.93
19.65;21.93
19.65;21.93
19.65;21.93
19.65;21.93
19.65;21.93
19.65;21.93
19.65;21.93
19.65;21.93
19.65;21.93
19.65;21.93
19.65;21.93
19.65;21.93
19.65;21.93
19.65;21.93
19.65;21.93
19.65;21.93
19.65;21.93
19.65;21.93
19.65;21.93
19.65;21.93
19.65;21.93
19.65;21.93
19.65;21.93
19.65;21.93
19.65;21.93
19.65;21.93
19.65;21.93
19.65;21.93
19.65;21.93
19.65;21.93
19.66;21.94
19.66;21.94
19.66;21.93
19.66;21.94
19.66;21.94
19.66;21.94
19.65;21.93
19.65;21.93
19.65;21.93
19.65;21.93
19.65;21.93
19.65;21.93
19.65;21.94
19.65;21.94
19.66;21.94
19.66;21.94
19.66;21.94
19.66;21.94
19.66;21.94
19.66;21.94
19.66;21.94
19.66;21.94
19.66;21.94
19.66;21.94
19.66;21.94
19.66;21.94
19.66;21.94
19.66;21.94
19.66;21.94
19.66;21.94
19.66;21.94
19.66;21.94
19.66;21.94
19.66;21.94
19.66;21.94
19.66;21.94
19.66;21.94
19.66;21.94
19.66;21.94
19.66;21.94
19.66;21.94
19.66;21.94
19.66;21.94
19.66;21.94
19.66;21.94
19.66;21.94
19.66;21.94
19.66;21.94
19.66;21.94
19.66;21.94
19.66;21.94
19.66;21.94
19.66;21.94
19.66;21.94
19.66;21.94
19.66;21.94
19.66;21.94
19.66;21.94
19.66;21.94
19.66;21.94
19.66;21.94
19.66;21.94
19.66;21.94
19.66;21.94
19.66;21.94
19.66;21.94
19.66;21.94
19.66;21.94
19.66;21.94
19.66;21.94
19.67;21.94
19.66;21.94
19.66;21.94
19.66;21.94
19.66;21.94
19.66;21.94
19.66;21.94
19.66;21.94
19.66;21.94
19.66;21.94
19.66;21.94
19.66;21.94
19.66;21.94
19.66;21.94
19.67;21.94
19.67;21.94
19.67;21.94
19.67;21.94
19.67;21.94
19.67;21.94
19.67;21.94
19.67;21.94
19.67;21.94
19.67;21.94
19.67;21.94
19.67;21.94
19.67;21.94
19.67;21.94
19.67;21.94
19.67;21.94
19.67;21.94
19.67;21.94
19.67;21.94
19.68;21.94
19.68;21.94
19.68;21.95
19.68;21.95
19.68;21.95
19.68;21.95
19.68;21.95
19.68;21.95
19.68;21.95
19.68;21.95
19.68;21.95
19.68;21.95
19.68;21.95
19.67;21.95
19.68;21.95
19.68;21.95
19.68;21.95
19.67;21.95
19.68;21.95
19.68;21.95
19.68;21.95
19.68;21.95
19.68;21.95
19.67;21.95
19.67;21.94
19.67;21.95
19.67;21.95
19.67;21.95
19.67;21.95
19.67;21.95
19.68;21.95
19.68;21.95
19.68;21.95
19.68;21.95
19.68;21.95
19.68;21.95
19.68;21.95
19.68;21.95
19.68;21.95
19.68;21.95
19.68;21.95
19.68;21.95
19.68;21.95
19.68;21.95
19.68;21.95
19.68;21.95
19.68;21.95
19.68;21.95
19.68;21.95
19.68;21.95
19.68;21.95
19.69;21.95
19.69;21.95
19.69;21.95
19.69;21.95
19.69;21.95
19.69;21.95
19.69;21.95
19.69;21.95
19.69;21.95
19.69;21.95
19.69;21.95
19.69;21.95
19.69;21.95
19.69;21.95
19.69;21.95
19.69;21.95
19.69;21.95
19.69;21.95
19.69;21.95
19.69;21.95
19.69;21.95
19.69;21.95
19.69;21.95
19.69;21.95
19.69;21.95
19.69;21.95
19.69;21.95
19.69;21.95
19.69;21.95
19.69;21.95
19.69;21.95
19.69;21.95
19.69;21.95
19.69;21.95
19.69;21.95
19.69;21.95
19.69;21.95
19.69;21.96
19.69;21.96
19.69;21.96
19.69;21.96
19.7;21.96
19.7;21.96
19.7;21.96
19.7;21.96
19.7;21.96
19.7;21.96
19.7;21.96
19.7;21.96
19.7;21.96
19.7;21.96
19.7;21.96
19.7;21.96
19.7;21.96
19.7;21.96
19.7;21.96
19.7;21.96
19.7;21.96
19.7;21.96
19.7;21.96
19.7;21.96
19.7;21.96
19.7;21.96
19.7;21.96
19.71;21.96
19.71;21.96
19.71;21.96
19.71;21.96
19.71;21.96
19.71;21.96
19.71;21.96
19.71;21.96
19.71;21.96
19.71;21.96
19.71;21.96
19.71;21.96
19.71;21.96
19.71;21.96
19.71;21.96
19.71;21.96
19.71;21.96
22.15;21.95
22.15;21.95
22.15;21.95
22.15;21.95
22.16;21.95
22.16;21.95
22.16;21.95
22.16;21.95
22.16;21.95
22.18;21.94
22.19;21.94
22.19;21.94
22.19;21.95
22.19;21.95
22.19;21.95
22.19;21.95
22.19;21.95
22.19;21.95
22.19;21.95
22.21;21.95
22.21;21.95
22.21;21.95
22.21;21.95
22.2;21.95
22.2;21.95
22.22;21.94
22.22;21.94
22.22;21.95
22.23;21.94
22.23;21.94
22.23;21.94
22.23;21.94
22.23;21.94
22.23;21.95
22.23;21.95
22.23;21.95
22.23;21.95
22.25;21.94
22.25;21.94
22.25;21.94
22.25;21.94
22.25;21.94
22.25;21.94
22.25;21.94
22.25;21.94
22.25;21.94
22.25;21.94
22.25;21.94
22.25;21.94
22.25;21.94
22.25;21.94
22.25;21.94
22.25;21.94
22.24;21.94
22.24;21.94
22.24;21.94
22.24;21.94
22.24;21.94
22.24;21.94
22.24;21.94
22.24;21.94
22.24;21.94
22.24;21.94
22.24;21.94
22.24;21.94
22.26;21.94
22.26;21.94
22.26;21.94
22.26;21.94
22.27;21.94
22.27;21.94
22.27;21.94
22.27;21.94
22.28;21.94
22.28;21.94
22.3;21.94
22.3;21.94
22.3;21.94
22.31;21.94
22.31;21.94
22.31;21.94
22.31;21.94
22.31;21.94
22.31;21.94
22.59;13.1
22.59;13.1
22.59;13.1
22.59;13.1
22.59;13.1
22.59;13.1
22.59;13.1
22.59;13.1
22.59;13.1
22.59;13.1
22.59;13.1
22.59;13.1
22.59;13.1
22.59;13.1
22.59;13.1
22.59;13.1
22.61;13.1
22.61;13.1
22.61;13.1
22.61;13.1
22.61;13.1
22.64;13.1
22.63;21.94
22.64;13.1
22.63;21.94
22.63;21.94
22.66;21.94
22.66;21.94
22.66;21.94
22.66;21.94
22.65;21.94
22.65;21.94
22.65;21.94
22.65;21.94
22.65;21.94
22.65;21.94
22.68;21.94
22.68;21.94
22.68;21.94
22.68;21.94
22.67;21.94
22.67;21.94
22.67;21.94
22.67;21.94
22.67;21.94
22.69;21.94
22.69;21.94
22.69;21.94
22.69;21.94
22.69;21.94
22.69;21.94
22.69;21.94
22.71;21.94
22.71;21.94
22.73;21.94
22.73;21.94
22.73;21.95
22.73;21.95
22.73;21.95
22.73;21.94
22.71;21.95
22.73;21.95
22.71;21.94
22.71;21.94
22.69;21.94
22.69;21.94
22.69;21.94
22.69;21.94
22.69;21.94
22.69;21.94
22.69;21.94
22.69;21.94
22.69;21.94
22.69;21.94
22.69;21.94
22.69;21.94
22.69;21.94
22.71;21.94
22.73;21.94
22.71;21.94
22.71;21.94
22.69;21.94
22.69;21.94
22.69;21.94
22.69;21.94
22.69;21.94
22.69;21.94
22.71;21.94
22.71;21.94
22.71;21.94
22.71;21.94
22.73;21.94
22.73;21.94
22.73;21.94
22.73;21.94
22.73;21.94
22.73;21.94
22.73;21.94
22.73;21.94
22.73;21.94
22.73;21.94
22.75;21.94
22.75;21.94
22.75;21.94
22.75;21.94
22.75;21.94
22.75;21.94
13.1;21.94
22.75;23.07
22.75;21.94
22.75;21.94
22.75;21.94
22.74;21.94
22.74;21.94
22.74;21.94
22.74;21.94
22.74;21.94
22.74;21.94
22.74;21.94
13.1;21.94
22.74;23.07
13.1;21.94
13.1;23.07
22.74;23.07
13.1;21.94
22.74;23.07
22.72;21.94
22.72;21.94
