Day;Seconds;Sensor 0;Sensor 1;Sensor2
1;66780;29.71;27.73;0
1;66806;29.71;27.91;30.57
1;66831;29.71;27.91;30.47
1;66875;29.71;28.01;30.47
1;66918;29.71;28.01;30.47
1;66943;29.71;28.1;30.47
1;66969;29.71;28.1;30.47
1;66993;29.71;28.19;30.47
1;67036;29.71;28.29;30.38
1;67062;29.61;28.29;30.38
1;67104;29.61;28.29;30.38
1;67129;29.61;28.29;30.38
1;67174;29.61;28.29;30.38
1;67199;29.61;28.29;30.38
1;67224;29.61;28.29;30.38
1;67255;29.61;28.38;30.28
1;67297;29.61;28.38;30.28
1;67333;29.71;28.38;30.28
1;67358;29.71;28.38;30.28
1;67383;29.71;28.38;30.28
1;67408;29.71;28.48;30.28
1;67434;29.71;28.48;30.28
1;67477;29.71;28.48;30.28
1;67502;29.71;28.48;30.28
1;67527;29.71;28.48;30.28
1;67553;29.71;28.48;30.28
1;67578;29.71;28.48;30.28
1;67603;29.71;28.48;30.28
1;67649;29.71;28.57;30.28
1;67674;29.71;28.48;30.28
1;67699;29.71;28.57;30.28
1;67760;29.71;28.48;30.28
1;67785;29.71;28.57;30.28
1;67828;29.71;28.57;30.28
1;67853;29.71;28.57;30.19
1;67898;29.71;28.57;30.19
1;67923;29.71;28.57;30.19
1;67948;29.71;28.57;30.19
1;67990;29.71;28.57;30.19
1;68015;29.71;28.48;30.19
1;68060;29.71;28.57;30.19
1;68085;29.71;28.57;30.19
1;68129;29.71;28.57;30.09
1;68155;29.71;28.57;30.09
1;68180;29.71;28.57;30.09
1;68205;29.71;28.57;30.09
1;68230;29.71;28.57;30.09
1;68255;29.71;28.57;30.09
1;68280;29.8;28.57;30.09
1;68305;29.8;28.57;30.09
1;68330;29.8;28.57;30.09
1;68355;29.71;28.57;30.09
1;68381;29.71;28.57;29.99
1;68406;29.71;28.57;29.99
1;68431;29.71;28.57;29.99
1;68456;29.71;28.57;29.99
1;68481;29.71;28.57;29.99
1;68507;29.71;28.57;29.99
1;68532;29.71;28.57;29.99
1;68557;29.71;28.57;29.99
1;68582;29.71;28.57;29.99
1;68607;29.71;28.57;29.99
1;68632;29.71;28.57;29.99
1;68657;29.71;28.57;29.99
1;68683;29.71;28.57;29.9
1;68708;29.71;28.57;29.9
1;68733;29.71;28.57;29.9
1;68758;29.71;28.57;29.9
1;68783;29.71;28.57;29.9
1;68808;29.71;28.57;29.9
1;68834;29.71;28.57;29.9
1;68859;29.71;28.57;29.9
1;68884;29.61;28.57;29.9
1;68909;29.61;28.57;29.8
1;68934;29.61;28.57;29.8
1;68959;29.52;28.57;29.8
1;68984;29.52;28.57;29.8
1;69010;29.52;28.48;29.8
1;69035;29.52;28.57;29.8
1;69060;29.52;28.57;29.8
1;69085;29.52;28.57;29.8
1;69110;29.61;28.57;29.8
1;69135;29.61;28.57;29.8
1;69160;29.71;28.57;29.8
1;69185;29.8;28.57;29.8
1;69211;29.99;28.57;29.8
1;69236;30.09;28.57;29.8
1;69261;30.28;28.57;29.8
1;69286;30.38;28.57;29.8
1;69311;30.57;28.57;29.8
1;69336;30.76;28.57;29.8
1;69362;30.95;28.57;29.8
1;69387;31.15;28.57;29.8
1;69412;31.34;28.57;29.8
1;69474;31.34;28.57;29.8
1;69499;31.93;28.57;29.8
1;69524;32.22;28.57;29.8
1;69550;32.32;28.48;29.8
1;69575;32.52;28.57;29.71
1;69600;32.71;28.57;29.71
1;69625;32.81;28.57;29.71
1;69650;32.91;28.57;29.71
1;69676;33.11;28.57;29.71
1;69701;33.21;28.57;29.71
1;69745;33.21;28.57;29.61
1;69788;33.51;28.57;29.61
1;69813;33.61;28.57;29.61
1;69838;33.71;28.57;29.61
1;69863;33.91;28.57;29.61
1;69888;33.91;28.57;29.52
1;69949;33.91;28.57;29.52
1;69975;34.31;28.48;29.52
1;70000;34.31;28.48;29.52
1;70025;34.41;28.48;29.52
1;70050;34.51;28.48;29.52
1;70075;34.61;28.57;29.52
1;70100;34.72;28.48;29.52
1;70144;34.72;28.48;29.52
1;70169;34.82;28.48;29.52
1;70195;34.82;28.48;29.52
1;70220;34.92;28.48;29.52
1;70245;34.92;28.48;29.52
1;70270;35.02;28.48;29.42
1;70315;35.12;28.48;29.42
1;70340;35.12;28.48;29.42
1;70373;35.12;28.48;29.42
1;70410;35.12;28.48;29.42
1;70436;35.12;28.38;29.42
1;70461;35.12;28.48;29.33
1;70486;35.12;28.48;29.33
1;70511;35.12;28.48;29.33
1;70536;35.12;28.38;29.33
1;70579;35.12;28.38;29.33
1;70605;35.22;28.38;29.33
1;70630;35.22;28.38;29.33
1;70655;35.22;28.38;29.23
1;70680;35.22;28.38;29.33
1;70705;35.22;28.38;29.33
1;70749;35.22;28.38;29.23
1;70775;35.22;28.38;29.23
1;70800;35.22;28.38;29.23
1;70843;35.12;28.38;29.23
1;70868;35.22;28.38;29.23
1;70894;35.22;28.38;29.23
1;70919;35.22;28.38;29.23
1;70944;35.12;28.29;29.23
1;70969;35.12;28.29;29.14
1;70994;35.12;28.38;29.14
1;71020;35.12;28.38;29.14
1;71045;35.12;28.38;29.14
1;71070;35.12;28.38;29.14
1;71095;35.12;28.38;29.14
1;71120;35.12;28.38;29.14
1;71145;35.12;28.38;29.14
1;71171;35.12;28.29;29.14
1;71196;35.12;28.29;29.14
1;71221;35.12;28.29;29.14
1;71264;35.12;28.29;29.14
1;71290;35.12;28.29;29.14
1;71315;35.12;28.29;29.14
1;71340;35.22;28.29;29.14
1;71365;35.22;28.29;29.14
1;71390;35.22;28.29;29.14
1;71416;35.12;28.29;29.14
1;71441;35.12;28.29;29.14
1;71466;35.12;28.29;29.14
1;71491;35.02;28.29;29.04
1;71516;34.92;28.29;29.04
1;71541;34.82;28.29;29.04
1;71566;34.72;28.29;29.04
1;71592;34.61;28.29;29.04
1;71617;34.61;28.29;29.04
1;72631;35.94;28.29;28.66
1;72657;35.94;28.29;28.66
1;72682;35.94;28.29;28.66
1;72707;35.94;28.29;28.66
1;72732;36.05;28.29;28.66
1;72757;35.94;28.29;28.66
1;72783;35.94;28.29;28.66
1;72808;35.94;28.29;28.66
1;72833;36.05;28.29;28.66
1;72858;36.05;28.29;28.66
1;72883;36.05;28.29;28.66
1;72908;36.05;28.29;28.66
1;72934;36.05;28.29;28.66
1;72959;36.05;28.29;28.66
1;72984;36.05;28.29;28.66
1;73009;36.15;28.29;28.66
1;73034;36.15;28.29;28.66
1;73059;36.26;28.29;28.66
1;73084;36.36;28.19;28.66
1;73110;36.36;28.19;28.66
1;73135;36.36;28.19;28.66
1;73160;36.36;28.1;28.66
1;73185;36.46;28.19;28.66
1;73210;36.46;28.1;28.66
1;73236;36.46;28.1;28.57
1;73261;36.46;28.1;28.57
1;73286;36.46;28.1;28.57
1;73311;36.46;28.1;28.57
1;73336;36.46;28.1;28.57
1;73361;36.67;28.1;28.57
1;73386;36.57;28.1;28.57
1;73412;36.57;28.1;28.57
1;73437;36.57;28.1;28.57
1;73462;36.57;28.01;28.57
1;73487;36.46;28.1;28.57
1;73512;36.46;28.1;28.57
1;73537;36.46;28.1;28.57
1;73563;36.46;28.1;28.57
1;73588;36.46;28.1;28.57
1;73613;36.57;28.1;28.57
1;73638;36.57;28.1;28.57
1;73663;36.46;28.1;28.57
1;73688;36.46;28.1;28.57
1;73713;36.46;28.1;28.57
1;73739;36.46;28.01;28.57
1;73764;36.46;28.01;28.57
1;73789;36.46;28.01;28.57
1;73814;36.36;28.01;28.57
1;73839;36.46;28.01;28.57
1;73864;36.46;28.01;28.57
1;73889;36.36;28.01;28.57
1;73915;36.36;28.01;28.57
1;73940;36.36;28.01;28.57
1;73965;36.36;28.01;28.48
1;73990;36.36;28.01;28.57
1;74015;36.26;28.01;28.48
1;74040;36.26;28.01;28.48
1;74066;36.36;28.01;28.48
1;74091;36.26;28.01;28.48
1;74116;36.36;28.01;28.48
1;74141;36.36;28.01;28.48
1;74166;36.46;28.01;28.48
1;74191;36.36;28.01;28.48
1;74217;36.36;28.01;28.48
1;74242;36.36;28.01;28.48
1;74267;36.36;28.01;28.48
1;74292;36.36;28.01;28.48
1;74317;36.36;28.01;28.38
1;74343;36.36;28.01;28.38
1;74368;36.46;28.01;28.38
1;74393;36.46;28.01;28.38
1;74418;36.36;28.01;28.38
1;74443;36.46;28.01;28.38
1;74468;36.36;28.01;28.38
1;74493;36.36;28.01;28.38
1;74519;36.36;28.01;28.38
1;74544;36.36;28.01;28.38
1;74569;36.26;28.01;28.38
1;74594;36.15;28.01;28.38
1;74619;36.15;28.01;28.38
1;74645;36.15;27.91;28.38
1;74670;36.15;27.91;28.38
1;74695;36.15;27.91;28.38
1;74720;36.15;27.91;28.29
1;74745;36.15;27.91;28.29
1;74771;36.05;27.91;28.29
1;74796;36.05;27.91;28.29
1;74821;36.05;27.91;28.29
1;74846;36.05;27.91;28.29
1;74871;36.05;27.91;28.29
1;74897;36.05;27.91;28.29
1;74922;36.05;27.91;28.29
1;74947;36.05;27.91;28.29
1;74972;36.05;27.91;28.29
1;74997;36.05;27.91;28.29
1;75022;36.05;27.91;28.29
1;75048;36.05;27.91;28.29
1;75073;36.05;27.91;28.29
1;75098;36.05;27.91;28.29
1;75123;36.05;27.91;28.29
1;75148;36.05;27.91;28.29
1;75173;36.05;27.91;28.29
1;75199;36.05;27.82;28.29
1;75224;35.94;27.91;28.29
1;75249;35.94;27.91;28.29
1;75274;35.94;27.82;28.29
1;75299;35.94;27.91;28.29
1;75324;35.94;27.91;28.19
1;75350;35.94;27.82;28.29
1;75375;35.94;27.91;28.29
1;75400;35.94;27.82;28.29
1;75425;35.94;27.82;28.29
1;75450;35.94;27.82;28.29
1;75475;35.94;27.82;28.29
1;75500;35.94;27.82;28.19
1;75526;35.94;27.82;28.19
1;75551;35.94;27.82;28.19
1;75576;35.94;27.82;28.19
1;75601;35.94;27.82;28.19
1;75626;35.94;27.82;28.19
1;75652;35.94;27.82;28.19
1;75677;35.94;27.82;28.19
1;75702;35.84;27.82;28.19
1;75727;35.84;27.82;28.19
1;75752;35.84;27.82;28.19
1;75777;35.94;27.82;28.19
1;75803;35.84;27.82;28.1
1;75828;35.94;27.82;28.1
1;75853;35.94;27.82;28.19
1;75878;35.94;27.82;28.1
1;75903;35.84;27.82;28.19
1;75929;35.84;27.82;28.19
1;75954;35.84;27.82;28.1
1;75979;35.84;27.82;28.1
1;76004;35.94;27.82;28.1
1;76029;35.84;27.82;28.1
1;76054;35.84;27.82;28.1
1;76080;35.84;27.82;28.1
1;76105;35.94;27.73;28.1
1;76130;35.94;27.73;28.1
1;76155;35.84;27.73;28.1
1;76180;35.74;27.73;28.1
1;76206;35.84;27.73;28.1
1;76231;35.74;27.73;28.1
1;76256;35.74;27.73;28.1
1;76281;35.74;27.73;28.1
1;76306;35.74;27.63;28.1
1;76332;35.74;27.73;28.1
1;76357;35.74;27.63;28.1
1;76382;35.53;27.63;28.1
1;76407;35.53;27.63;28.1
1;76432;35.64;27.63;28.01
1;76457;35.64;27.63;28.1
1;76483;35.64;27.63;28.01
1;76508;35.53;27.63;28.01
1;76533;35.64;27.63;28.01
1;76558;35.53;27.63;28.01
1;76583;35.53;27.63;28.01
1;76608;35.53;27.63;28.01
1;76633;35.53;27.63;28.01
1;76658;35.53;27.54;28.01
1;76684;35.53;27.63;28.01
1;76709;35.53;27.63;28.01
1;76734;35.43;27.63;28.01
1;76759;35.53;27.63;28.01
1;76784;35.53;27.54;28.01
1;76810;35.53;27.63;28.01
1;76835;35.43;27.63;28.01
1;76860;35.43;27.63;28.01
1;76885;35.43;27.63;28.01
1;76910;35.53;27.63;28.01
1;76936;35.53;27.63;28.01
1;76961;35.43;27.63;28.01
1;76986;35.43;27.63;28.01
1;77011;35.43;27.63;28.01
1;77036;35.43;27.63;28.01
1;77061;35.43;27.63;28.01
1;77087;35.33;27.63;28.01
1;77112;35.43;27.63;28.01
1;77137;35.43;27.63;28.01
1;77162;35.43;27.63;28.01
1;77187;35.43;27.63;28.01
1;77213;35.43;27.63;28.01
1;77238;35.43;27.63;28.01
1;77263;35.53;27.63;28.01
1;77288;35.53;27.63;28.01
1;77313;35.53;27.63;28.01
1;77338;35.53;27.63;28.01
1;77364;35.53;27.63;28.01
1;77389;35.53;27.63;28.01
1;77414;35.53;27.63;28.01
1;77439;35.53;27.63;28.01
1;77464;35.53;27.63;28.01
1;77489;35.53;27.63;28.01
1;77514;35.53;27.54;27.91
1;77539;35.53;27.63;28.01
1;77565;35.53;27.54;27.91
1;77590;35.53;27.63;27.91
1;77615;35.53;27.63;27.91
1;77640;35.53;27.63;27.91
1;77665;35.53;27.63;27.91
1;77691;35.64;27.63;27.91
1;77716;35.64;27.54;27.91
1;77741;35.64;27.63;27.91
1;77766;35.53;27.54;27.91
1;77791;35.53;27.54;27.91
1;77817;35.64;27.54;27.91
1;77842;35.53;27.54;27.91
1;77867;35.64;27.54;27.91
1;77892;35.53;27.54;27.91
1;77917;35.53;27.54;27.91
1;77943;35.53;27.54;27.91
1;77968;35.53;27.54;27.91
1;77993;35.53;27.54;27.91
1;78018;35.53;27.54;27.91
1;78043;35.53;27.54;27.91
1;78068;35.64;27.45;27.91
1;78094;35.64;27.54;27.91
1;78119;35.74;27.54;27.82
1;78144;35.74;27.45;27.91
1;78169;35.84;27.54;27.82
1;78194;35.84;27.45;27.82
1;78220;35.94;27.45;27.82
1;78245;35.94;27.45;27.82
1;78270;35.84;27.45;27.82
1;78295;35.74;27.45;27.82
1;78320;35.74;27.45;27.82
1;78346;35.64;27.35;27.82
1;78371;35.64;27.45;27.82
1;78396;35.53;27.45;27.82
1;78421;35.53;27.45;27.73
1;78446;35.53;27.35;27.73
1;78472;35.43;27.45;27.73
1;78497;35.33;27.45;27.73
1;78522;35.12;27.45;27.73
1;78547;35.22;27.45;27.73
1;78572;35.12;27.45;27.73
1;78597;35.12;27.45;27.82
1;78623;35.12;27.45;27.73
1;78648;35.12;27.45;27.73
1;78673;35.12;27.45;27.73
1;78698;35.12;27.45;27.73
1;78723;35.02;27.45;27.73
1;78748;35.02;27.35;27.73
1;78773;35.02;27.45;27.82
1;78798;35.12;27.45;27.82
1;78824;35.12;27.45;27.73
1;78849;35.02;27.45;27.82
1;78874;35.02;27.45;27.73
1;78899;35.12;27.45;27.73
1;78924;35.12;27.45;27.73
1;78950;35.12;27.35;27.82
1;78975;35.12;27.35;27.73
1;79000;35.12;27.45;27.82
1;79025;35.12;27.35;27.73
1;79050;35.02;27.35;27.73
1;79075;35.02;27.35;27.73
1;79100;35.02;27.35;27.73
1;79126;35.12;27.35;27.82
1;79151;35.12;27.35;27.82
1;79176;35.12;27.35;27.82
1;79201;35.12;27.35;27.82
1;79226;35.12;27.35;27.82
1;79252;35.12;27.35;27.82
1;79277;35.02;27.35;27.82
1;79302;35.02;27.35;27.82
1;79327;35.12;27.35;27.82
1;79352;34.92;27.35;27.82
1;79377;35.02;27.35;27.82
1;79403;35.02;27.35;27.82
1;79428;35.12;27.35;27.82
1;79453;35.12;27.35;27.82
1;79478;35.12;27.35;27.82
1;79503;35.12;27.35;27.82
1;79529;35.12;27.35;27.73
1;79554;35.02;27.35;27.73
1;79579;35.02;27.35;27.73
1;79604;35.12;27.35;27.73
1;79629;35.12;27.35;27.73
1;79654;35.12;27.35;27.73
1;79680;34.92;27.35;27.73
1;79705;34.82;27.35;27.73
1;79730;34.72;27.35;27.73
1;79755;34.51;27.35;27.73
1;79780;34.31;27.35;27.73
1;79806;34.11;27.35;27.73
1;79831;33.81;27.26;27.73
1;79856;33.61;27.35;27.73
1;79881;33.31;27.35;27.73
1;79906;33.11;27.35;27.73
1;79931;32.81;27.35;27.73
1;79956;32.61;27.35;27.73
1;79981;32.32;27.35;27.73
1;80006;32.02;27.35;27.73
1;80031;31.83;27.35;27.73
1;80057;31.73;27.35;27.73
1;80082;31.44;27.35;27.73
1;80107;31.15;27.35;27.73
1;80132;30.95;27.26;27.73
1;80157;30.76;27.35;27.73
1;80183;30.57;27.35;27.73
1;80208;30.38;27.35;27.73
1;80233;30.28;27.26;27.73
1;80258;30.19;27.35;27.73
1;80283;29.99;27.26;27.73
1;80308;29.8;27.26;27.73
1;80333;29.61;27.35;27.73
1;80359;29.52;27.26;27.73
1;80384;29.42;27.26;27.73
1;80409;29.33;27.26;27.73
1;80434;29.23;27.26;27.73
1;80459;29.14;27.26;27.73
1;80485;28.95;27.26;27.73
1;80510;28.85;27.26;27.73
1;80535;28.85;27.26;27.73
1;80560;28.76;27.26;27.73
1;80585;28.66;27.26;27.73
1;80610;28.57;27.26;27.73
1;80635;28.48;27.26;27.73
1;80661;28.48;27.26;27.73
1;80686;28.48;27.26;27.73
1;80711;28.38;27.26;27.73
1;80736;28.29;27.26;27.73
1;80761;28.19;27.17;27.73
1;80787;28.19;27.26;27.73
1;80812;28.19;27.26;27.73
1;80837;28.19;27.26;27.73
1;80862;28.1;27.26;27.73
1;80887;28.1;27.26;27.73
1;80913;28.01;27.26;27.73
1;80938;28.01;27.26;27.73
1;80963;28.01;27.26;27.73
1;80988;28.01;27.26;27.73
1;81013;27.91;27.26;27.73
1;81038;27.91;27.26;27.82
1;81063;27.91;27.26;27.82
1;81088;27.82;27.26;27.73
1;81113;27.82;27.26;27.73
1;81138;27.82;27.26;27.82
1;81164;27.82;27.26;27.82
1;81189;27.82;27.26;27.73
1;81214;27.82;27.17;27.82
1;81239;27.73;27.26;27.82
1;81264;27.73;27.26;27.73
1;81289;27.73;27.26;27.73
1;81315;27.73;27.26;27.73
1;81340;27.63;27.26;27.82
1;81365;27.63;27.26;27.73
1;81390;27.63;27.26;27.73
1;81415;27.63;27.26;27.73
1;81441;27.63;27.26;27.73
1;81466;27.63;27.26;27.73
1;81491;27.63;27.26;27.73
1;81516;27.54;27.26;27.73
1;81541;27.54;27.26;27.73
1;81566;27.54;27.17;27.73
1;81592;27.45;27.26;27.73
1;81617;27.45;27.17;27.73
1;81642;27.45;27.17;27.73
1;81667;27.45;27.17;27.73
1;81692;27.45;27.17;27.73
1;81717;27.45;27.17;27.73
1;81743;27.45;27.17;27.73
1;81768;27.45;27.17;27.73
1;81793;27.35;27.17;27.73
1;81818;27.35;27.17;27.73
1;81843;27.35;27.17;27.73
1;81868;27.35;27.17;27.73
1;81894;27.35;27.17;27.73
1;81919;27.35;27.17;27.73
1;81944;27.35;27.17;27.73
1;81969;27.35;27.17;27.73
1;81994;27.35;27.07;27.73
1;82020;27.35;27.07;27.73
1;82045;27.35;27.17;27.73
1;82070;27.26;27.07;27.73
1;82095;27.26;27.07;27.73
1;82120;27.26;27.07;27.73
1;82145;27.26;27.07;27.73
1;82170;27.26;27.07;27.73
1;82196;27.26;27.07;27.73
1;82221;27.26;27.07;27.73
1;82246;27.26;27.07;27.73
1;82271;27.26;27.07;27.73
1;82296;27.26;27.07;27.73
1;82321;27.26;27.07;27.63
1;82346;27.26;27.07;27.73
1;82371;27.17;27.07;27.73
1;82397;27.17;27.07;27.63
1;82422;27.17;27.07;27.63
1;82447;27.17;27.07;27.73
1;82472;27.17;27.07;27.73
1;82497;27.17;27.07;27.63
1;82522;27.17;27.07;27.63
1;82547;27.17;27.07;27.63
1;82573;27.17;27.07;27.63
1;82598;27.17;27.07;27.63
1;82623;27.17;27.07;27.63
1;82648;27.17;27.07;27.63
1;82673;27.07;27.07;27.63
1;82698;27.07;26.98;27.73
1;82723;27.07;27.07;27.73
1;82748;27.07;27.07;27.63
1;82773;27.07;27.07;27.63
1;82798;26.98;27.07;27.73
1;82824;26.98;27.07;27.73
1;82849;26.98;26.98;27.73
1;82874;26.98;26.98;27.63
1;82896;26.98;26.98;27.63
1;82921;26.98;26.98;27.63
1;82946;26.98;26.98;27.63
1;82971;26.98;26.98;27.63
1;82996;26.89;26.98;27.63
1;83021;26.89;26.98;27.63
1;83047;26.89;26.98;27.63
1;83072;26.89;26.98;27.63
1;83097;26.8;26.98;27.54
1;83122;26.8;26.98;27.54
1;83147;26.8;26.98;27.54
1;83173;26.7;26.98;27.45
1;83198;26.7;26.98;27.45
1;83223;26.7;26.89;27.45
1;83248;26.7;26.89;27.35
1;83273;26.7;26.89;27.35
1;83299;26.7;26.89;27.35
1;83324;26.61;26.89;27.35
1;83349;26.61;26.89;27.26
1;83374;26.61;26.8;27.26
1;83399;26.61;26.89;27.26
1;83425;26.61;26.89;27.26
1;83450;26.52;26.89;27.26
1;83475;26.52;26.89;27.26
1;83500;26.52;26.89;27.26
1;83525;26.52;26.89;27.26
1;83550;26.52;26.89;27.26
1;83575;26.52;26.89;27.26
1;83601;26.52;26.89;27.17
1;83626;26.52;26.89;27.17
1;83651;26.52;26.89;27.17
1;83676;26.42;26.8;27.17
1;83701;26.52;26.8;27.17
1;83727;26.52;26.8;27.17
1;83752;26.52;26.8;27.17
1;83777;26.52;26.8;27.17
1;83802;26.52;26.8;27.17
1;83827;26.52;26.8;27.17
1;83853;26.42;26.8;27.17
1;83878;26.42;26.8;27.17
1;83903;26.42;26.8;27.07
1;83928;26.42;26.8;27.07
1;83953;26.42;26.8;27.07
1;83979;26.42;26.7;27.07
1;84004;26.42;26.8;27.07
1;84029;26.42;26.8;27.07
1;84054;26.42;26.7;27.07
1;84079;26.42;26.7;27.07
1;84104;26.42;26.8;27.07
1;84130;26.42;26.8;27.07
1;84155;26.33;26.8;27.07
1;84180;26.33;26.8;27.07
1;84205;26.33;26.8;27.07
1;84230;26.33;26.8;27.07
1;84256;26.33;26.8;27.07
1;84281;26.33;26.8;27.07
1;84306;26.24;26.8;27.07
1;84331;26.24;26.8;26.98
1;84356;26.24;26.8;26.98
1;84382;26.24;26.8;26.98
1;84407;26.24;26.8;26.98
1;84432;26.24;26.8;26.98
1;84457;26.24;26.8;26.98
1;84482;26.24;26.8;26.98
1;84507;26.24;26.8;26.98
1;84533;26.24;26.8;26.89
1;84558;26.15;26.8;26.89
1;84583;26.15;26.8;26.89
1;84608;26.15;26.8;26.89
1;84633;26.15;26.8;26.8
1;84658;26.15;26.8;26.8
1;84684;26.15;26.8;26.8
1;84709;26.15;26.8;26.8
1;84734;26.15;26.8;26.8
1;84759;26.15;26.8;26.8
1;84784;26.15;26.8;26.8
1;84810;26.15;26.8;26.8
1;84835;26.06;26.7;26.8
1;84860;26.06;26.8;26.8
1;84885;26.06;26.8;26.8
1;84910;26.15;26.8;26.8
1;84935;26.15;26.8;26.8
1;84961;26.06;26.8;26.8
1;84986;26.06;26.7;26.8
1;85011;26.06;26.7;26.8
1;85036;26.15;26.7;26.8
1;85061;26.06;26.7;26.8
1;85087;26.06;26.7;26.8
1;85112;26.06;26.7;26.8
1;85137;26.06;26.7;26.7
1;85162;26.06;26.7;26.7
1;85187;26.06;26.7;26.7
1;85212;26.06;26.7;26.7
1;85238;26.06;26.7;26.7
1;85263;26.06;26.7;26.7
1;85288;26.15;26.61;26.61
1;85313;26.06;26.7;26.61
1;85338;26.06;26.61;26.61
1;85364;26.15;26.7;26.61
1;85389;26.15;26.7;26.61
1;85414;26.15;26.61;26.61
1;85439;26.06;26.7;26.61
1;85464;26.15;26.61;26.61
1;85489;26.06;26.61;26.61
1;85514;26.06;26.61;26.61
1;85539;26.06;26.61;26.61
1;85565;26.06;26.61;26.61
1;85590;26.06;26.61;26.61
1;85615;26.06;26.61;26.52
1;85640;26.06;26.61;26.52
1;85665;26.06;26.61;26.52
1;85690;26.06;26.61;26.52
1;85716;26.06;26.61;26.52
1;85741;26.06;26.61;26.52
1;85766;26.06;26.61;26.52
1;85791;26.06;26.61;26.52
1;85816;25.96;26.61;26.52
1;85842;26.06;26.61;26.52
1;85867;25.96;26.61;26.52
1;85892;26.06;26.61;26.52
1;85917;25.96;26.52;26.42
1;85942;25.96;26.61;26.42
1;85968;25.96;26.61;26.42
1;85993;25.96;26.61;26.42
1;86018;25.96;26.61;26.42
1;86043;25.96;26.61;26.42
1;86068;25.96;26.61;26.42
1;86093;25.96;26.61;26.42
1;86119;25.96;26.61;26.42
1;86144;25.96;26.61;26.42
1;86169;25.96;26.61;26.42
1;86194;25.96;26.61;26.42
1;86219;25.96;26.61;26.42
1;86244;25.96;26.61;26.42
1;86270;25.96;26.61;26.42
1;86295;25.96;26.61;26.42
1;86320;25.96;26.52;26.42
1;86345;25.96;26.61;26.42
1;86370;25.96;26.52;26.42
1;86395;25.87;26.52;26.42
2;21;25.96;26.52;26.42
2;46;25.87;26.52;26.42
2;71;25.96;26.52;26.42
2;96;25.87;26.52;26.42
2;121;25.87;26.52;26.42
2;147;25.87;26.52;26.42
2;172;25.87;26.52;26.33
2;197;25.87;26.52;26.33
2;222;25.87;26.52;26.33
2;247;25.87;26.52;26.33
2;272;25.87;26.52;26.33
2;297;25.87;26.52;26.33
2;323;25.87;26.52;26.33
2;348;25.87;26.52;26.33
2;373;25.87;26.52;26.33
2;398;25.87;26.52;26.33
2;423;25.87;26.52;26.33
2;449;25.87;26.52;26.33
2;474;25.87;26.42;26.33
2;499;25.87;26.52;26.33
2;524;25.87;26.52;26.33
2;549;25.87;26.52;26.24
2;574;25.87;26.52;26.24
2;599;25.87;26.52;26.24
2;625;25.87;26.52;26.24
2;650;25.87;26.52;26.24
2;675;25.87;26.52;26.24
2;700;25.87;26.52;26.24
2;725;25.87;26.52;26.24
2;751;25.87;26.52;26.24
2;776;25.78;26.52;26.24
2;801;25.78;26.52;26.24
2;826;25.78;26.52;26.24
2;851;25.78;26.52;26.24
2;876;25.78;26.52;26.15
2;902;25.78;26.52;26.15
2;927;25.78;26.52;26.15
2;952;25.78;26.52;26.15
2;977;25.78;26.52;26.15
2;1002;25.87;26.52;26.15
2;1027;25.78;26.52;26.15
2;1052;25.87;26.52;26.15
2;1077;25.87;26.52;26.15
2;1103;25.78;26.42;26.15
2;1128;25.78;26.42;26.15
2;1153;25.78;26.52;26.15
2;1178;25.87;26.42;26.15
2;1203;25.78;26.42;26.15
2;1229;25.78;26.42;26.15
2;1254;25.78;26.42;26.15
2;1279;25.78;26.42;26.15
2;1304;25.78;26.42;26.15
2;1329;25.78;26.42;26.15
2;1354;25.78;26.42;26.15
2;1380;25.78;26.42;26.15
2;1405;25.78;26.42;26.15
2;1430;25.69;26.42;26.15
2;1455;25.69;26.42;26.15
2;1480;25.69;26.33;26.06
2;1506;25.69;26.42;26.15
2;1531;25.69;26.42;26.15
2;1556;25.69;26.42;26.15
2;1581;25.69;26.42;26.06
2;1606;25.69;26.42;26.06
2;1632;25.69;26.33;26.06
2;1657;25.69;26.42;26.06
2;1682;25.69;26.42;26.06
2;1707;25.69;26.33;26.06
2;1732;25.69;26.33;26.06
2;1758;25.69;26.42;26.06
2;1783;25.6;26.42;26.06
2;1808;25.69;26.42;26.06
2;1833;25.6;26.42;26.06
2;1858;25.6;26.42;25.96
2;1883;25.6;26.42;25.96
2;1908;25.6;26.42;25.96
2;1933;25.6;26.42;25.96
2;1958;25.6;26.42;25.96
2;1983;25.6;26.42;25.96
2;2008;25.6;26.42;25.96
2;2033;25.6;26.42;25.96
2;2058;25.6;26.42;25.87
2;2084;25.6;26.42;25.87
2;2109;25.5;26.33;25.87
2;2134;25.6;26.33;25.87
2;2159;25.6;26.33;25.87
2;2184;25.6;26.42;25.87
2;2209;25.6;26.33;25.87
2;2234;25.6;26.33;25.87
2;2259;25.6;26.33;25.87
2;2284;25.6;26.33;25.87
2;2310;25.6;26.33;25.87
2;2335;25.6;26.33;25.87
2;2360;25.6;26.33;25.87
2;2385;25.6;26.33;25.87
2;2410;25.6;26.33;25.87
2;2436;25.6;26.33;25.78
2;2461;25.6;26.33;25.87
2;2486;25.5;26.33;25.87
2;2511;25.5;26.33;25.78
2;2536;25.5;26.33;25.78
2;2562;25.5;26.33;25.78
2;2587;25.5;26.24;25.78
2;2612;25.5;26.33;25.78
2;2637;25.5;26.33;25.78
2;2662;25.5;26.33;25.78
2;2687;25.5;26.33;25.78
2;2713;25.5;26.33;25.78
2;2738;25.5;26.24;25.78
2;2763;25.5;26.33;25.78
2;2788;25.5;26.24;25.78
2;2813;25.5;26.33;25.69
2;2838;25.5;26.33;25.69
2;2863;25.5;26.33;25.69
2;2888;25.5;26.33;25.69
2;2913;25.5;26.33;25.69
2;2939;25.5;26.33;25.69
2;2964;25.5;26.33;25.69
2;2989;25.5;26.33;25.69
2;3014;25.5;26.33;25.69
2;3039;25.5;26.24;25.69
2;3065;25.5;26.24;25.69
2;3090;25.5;26.24;25.69
2;3115;25.5;26.24;25.69
2;3140;25.41;26.24;25.69
2;3165;25.5;26.24;25.69
2;3191;25.41;26.24;25.69
2;3216;25.41;26.24;25.69
2;3241;25.41;26.24;25.69
2;3266;25.41;26.24;25.69
2;3291;25.41;26.24;25.69
2;3316;25.41;26.15;25.69
2;3342;25.41;26.24;25.69
2;3367;25.41;26.15;25.69
2;3392;25.41;26.15;25.69
2;3417;25.32;26.15;25.69
2;3442;25.32;26.15;25.69
2;3467;25.32;26.15;25.69
2;3493;25.32;26.15;25.69
2;3518;25.32;26.15;25.69
2;3543;25.23;26.15;25.69
2;3568;25.32;26.15;25.69
2;3593;25.23;26.15;25.69
2;3619;25.23;26.15;25.69
2;3644;25.23;26.15;25.6
2;3669;25.23;26.06;25.6
2;3694;25.23;26.15;25.6
2;3719;25.23;26.15;25.6
2;3745;25.23;26.15;25.6
2;3770;25.23;26.15;25.6
2;3795;25.23;26.15;25.6
2;3820;25.23;26.15;25.6
2;3845;25.23;26.15;25.6
2;3870;25.23;26.15;25.6
2;3896;25.23;26.15;25.6
2;3921;25.23;26.15;25.6
2;3946;25.23;26.15;25.5
2;3971;25.23;26.15;25.5
2;3996;25.23;26.15;25.5
2;4021;25.23;26.15;25.5
2;4047;25.32;26.15;25.5
2;4072;25.23;26.15;25.5
2;4097;25.32;26.15;25.5
2;4122;25.23;26.15;25.5
2;4147;25.23;26.15;25.5
2;4173;25.32;26.15;25.5
2;4198;25.23;26.15;25.5
2;4223;25.23;26.15;25.5
2;4248;25.32;26.06;25.5
2;4273;25.23;26.15;25.5
2;4298;25.23;26.15;25.5
2;4344;25.23;26.15;25.5
2;4369;25.23;26.15;25.5
2;4394;25.23;26.15;25.5
2;4419;25.23;26.15;25.5
2;4445;25.23;26.15;25.5
2;4470;25.23;26.06;25.41
2;4495;25.23;26.15;25.41
2;4520;25.23;26.15;25.41
2;4545;25.23;26.15;25.41
2;4570;25.23;26.15;25.41
2;4596;25.23;26.15;25.41
2;4621;25.14;26.06;25.41
2;4646;25.14;26.06;25.41
2;4671;25.14;26.06;25.41
2;4696;25.14;26.06;25.41
2;4722;25.14;26.06;25.41
2;4747;25.14;26.06;25.41
2;4772;25.14;26.06;25.41
2;4797;25.14;26.06;25.32
2;4822;25.14;26.06;25.32
2;4847;25.14;26.06;25.32
2;4873;25.14;26.06;25.32
2;4898;25.14;26.06;25.32
2;4923;25.14;26.06;25.32
2;4948;25.14;26.06;25.32
2;4973;25.05;26.06;25.32
2;4999;25.14;26.06;25.32
2;5024;25.05;26.06;25.32
2;5049;25.14;26.06;25.32
2;5074;25.05;26.06;25.32
2;5099;25.05;26.06;25.32
2;5124;25.05;26.06;25.32
2;5150;25.05;25.96;25.32
2;5175;25.05;26.06;25.32
2;5200;25.05;26.06;25.32
2;5225;25.05;25.96;25.32
2;5250;25.05;25.96;25.32
2;5276;25.05;25.96;25.32
2;5301;25.05;25.96;25.32
2;5326;25.05;25.96;25.32
2;5351;25.05;25.96;25.32
2;5376;24.95;25.96;25.32
2;5402;24.95;25.96;25.23
2;5427;24.95;25.96;25.23
2;5452;24.95;25.96;25.23
2;5477;24.95;25.96;25.23
2;5502;24.95;25.96;25.23
2;5528;24.95;25.96;25.14
2;5553;24.95;25.96;25.14
2;5578;24.86;25.87;25.14
2;5603;24.86;25.87;25.14
2;5628;24.86;25.87;25.14
2;5653;24.86;25.87;25.05
2;5678;24.86;25.87;25.05
2;5704;24.86;25.87;25.05
2;5729;24.86;25.87;25.05
2;5754;24.86;25.87;25.05
2;5779;24.86;25.87;25.05
2;5804;24.86;25.87;24.95
2;5829;24.86;25.87;24.95
2;5855;24.77;25.87;24.95
2;5880;24.77;25.87;24.95
2;5905;24.68;25.87;24.95
2;5930;24.77;25.87;24.95
2;5955;24.68;25.87;24.95
2;5981;24.68;25.87;24.95
2;6006;24.68;25.87;24.95
2;6031;24.68;25.87;24.95
2;6056;24.68;25.87;24.95
2;6081;24.68;25.78;24.95
2;6106;24.68;25.87;24.95
2;6132;24.68;25.87;24.86
2;6157;24.68;25.78;24.95
2;6182;24.68;25.78;24.95
2;6207;24.68;25.78;24.95
2;6232;24.59;25.78;24.95
2;6258;24.68;25.78;24.95
2;6283;24.59;25.78;24.95
2;6308;24.59;25.78;24.95
2;6333;24.59;25.78;24.95
2;6358;24.59;25.78;24.95
2;6383;24.59;25.78;24.86
2;6408;24.5;25.78;24.86
2;6434;24.5;25.78;24.86
2;6459;24.5;25.78;24.86
2;6484;24.5;25.78;24.86
2;6509;24.5;25.78;24.86
2;6534;24.5;25.78;24.86
2;6560;24.5;25.78;24.86
2;6585;24.5;25.78;24.86
2;6610;24.5;25.78;24.86
2;6635;24.5;25.78;24.86
2;6660;24.5;25.78;24.86
2;6685;24.5;25.78;24.86
2;6711;24.5;25.78;24.86
2;6736;24.5;25.78;24.86
2;6761;24.5;25.78;24.86
2;6786;24.5;25.78;24.86
2;6811;24.5;25.78;24.86
2;6837;24.5;25.69;24.77
2;6862;24.5;25.69;24.77
2;6887;24.59;25.69;24.77
2;6912;24.59;25.69;24.77
2;6937;24.59;25.69;24.77
2;6962;24.59;25.69;24.77
2;6988;24.59;25.69;24.77
2;7013;24.59;25.69;24.68
2;7038;24.59;25.69;24.68
2;7063;24.59;25.69;24.68
2;7088;24.5;25.69;24.68
2;7113;24.5;25.69;24.68
2;7138;24.5;25.69;24.68
2;7163;24.5;25.69;24.68
2;7188;24.5;25.69;24.68
2;7213;24.5;25.69;24.68
2;7239;24.5;25.69;24.68
2;7264;24.5;25.69;24.68
2;7289;24.41;25.69;24.68
2;7314;24.41;25.69;24.68
2;7339;24.41;25.69;24.68
2;7383;24.41;25.69;24.68
2;7408;24.41;25.69;24.68
2;7433;24.41;25.69;24.59
2;7458;24.32;25.69;24.59
2;7483;24.32;25.69;24.59
2;7509;24.32;25.69;24.59
2;7534;24.32;25.69;24.59
2;7559;24.32;25.69;24.59
2;7584;24.32;25.69;24.59
2;7609;24.32;25.69;24.59
2;7635;24.22;25.69;24.59
2;7660;24.22;25.69;24.5
2;7685;24.22;25.6;24.59
2;7710;24.22;25.69;24.5
2;7735;24.13;25.69;24.5
2;7761;24.13;25.6;24.5
2;7786;24.13;25.6;24.5
2;7811;24.13;25.69;24.5
2;7836;24.13;25.6;24.5
2;7880;24.13;25.6;24.5
2;7906;24.13;25.6;24.41
2;7930;24.13;25.6;24.41
2;7975;24.13;25.6;24.41
2;8000;24.13;25.6;24.41
2;8025;24.04;25.6;24.41
2;8050;24.04;25.6;24.41
2;8075;24.04;25.6;24.41
2;8119;24.04;25.6;24.32
2;8144;24.04;25.6;24.32
2;8170;24.04;25.6;24.32
2;8213;24.04;25.6;24.32
2;8238;23.95;25.6;24.32
2;8264;23.95;25.6;24.32
2;8289;23.95;25.6;24.32
2;8314;23.95;25.6;24.32
2;8339;23.95;25.6;24.32
2;8364;23.95;25.6;24.32
2;8390;23.86;25.5;24.32
2;8415;23.86;25.6;24.32
2;8440;23.86;25.6;24.32
2;8484;23.86;25.5;24.32
2;8509;23.86;25.5;24.32
2;8534;23.77;25.5;24.32
2;8559;23.77;25.5;24.32
2;8584;23.77;25.5;24.32
2;8610;23.77;25.5;24.32
2;8635;23.77;25.5;24.32
2;8660;23.77;25.5;24.32
2;8685;23.77;25.5;24.32
2;8710;23.77;25.5;24.32
2;8736;23.77;25.5;24.32
2;8761;23.77;25.41;24.32
2;8786;23.77;25.5;24.32
2;8811;23.77;25.41;24.32
2;8836;23.77;25.5;24.32
2;8862;23.77;25.41;24.32
2;8887;23.77;25.41;24.32
2;8912;23.77;25.41;24.32
2;8937;23.77;25.41;24.32
2;8962;23.77;25.41;24.32
2;8987;23.77;25.41;24.32
2;9029;23.77;25.41;24.32
2;9055;23.68;25.41;24.22
2;9080;23.68;25.41;24.22
2;9105;23.68;25.41;24.22
2;9147;23.68;25.41;24.22
2;9190;23.68;25.41;24.22
2;9215;23.68;25.32;24.22
2;9240;23.68;25.41;24.22
2;9283;23.68;25.41;24.22
2;9308;23.68;25.41;24.22
2;9333;23.68;25.41;24.22
2;9359;23.68;25.32;24.22
2;9384;23.68;25.32;24.22
2;9409;23.68;25.32;24.22
2;9453;23.68;25.32;24.22
2;9478;23.59;25.32;24.13
2;9503;23.59;25.32;24.22
2;9528;23.59;25.32;24.13
2;9553;23.59;25.32;24.22
2;9578;23.59;25.32;24.22
2;9623;23.59;25.32;24.22
2;9648;23.59;25.32;24.22
2;9673;23.59;25.32;24.22
2;9698;23.59;25.32;24.22
2;9724;23.59;25.32;24.13
2;9749;23.59;25.32;24.13
2;9774;23.59;25.32;24.13
2;9799;23.59;25.32;24.13
2;9824;23.59;25.32;24.13
2;9849;23.5;25.32;24.13
2;9875;23.59;25.32;24.13
2;9900;23.5;25.32;24.13
2;9925;23.5;25.32;24.13
2;9950;23.5;25.32;24.13
2;9995;23.5;25.32;24.04
2;10020;23.5;25.32;24.04
2;10046;23.5;25.32;24.04
2;10071;23.5;25.32;24.04
2;10096;23.5;25.32;24.04
2;10121;23.5;25.32;24.04
2;10166;23.41;25.32;23.95
2;10210;23.41;25.32;23.95
2;10235;23.41;25.32;23.95
2;10260;23.41;25.32;23.95
2;10285;23.41;25.32;23.95
2;10310;23.41;25.32;23.86
2;10336;23.41;25.23;23.95
2;10361;23.41;25.32;23.86
2;10404;23.41;25.32;23.86
2;10430;23.41;25.32;23.86
2;10455;23.41;25.32;23.86
2;10480;23.41;25.23;23.86
2;10505;23.41;25.32;23.86
2;10550;23.41;25.23;23.86
2;10575;23.41;25.23;23.86
2;10600;23.41;25.23;23.86
2;10625;23.41;25.23;23.86
2;10650;23.41;25.23;23.86
2;10675;23.5;25.23;23.86
2;10701;23.5;25.23;23.86
2;10726;23.5;25.23;23.86
2;10770;23.5;25.14;23.86
2;10795;23.5;25.23;23.95
2;10820;23.5;25.23;23.95
2;10846;23.5;25.23;23.95
2;10871;23.5;25.14;23.95
2;10896;23.5;25.14;23.95
2;10921;23.5;25.14;23.95
2;10946;23.5;25.14;23.95
2;10972;23.41;25.14;23.95
2;10997;23.41;25.14;23.95
2;11022;23.41;25.14;23.86
2;11065;23.41;25.14;23.86
2;11090;23.32;25.14;23.86
2;11133;23.32;25.14;23.86
2;11158;23.32;25.05;23.86
2;11183;23.32;25.14;23.86
2;11208;23.32;25.14;23.86
2;11233;23.32;25.14;23.86
2;11259;23.32;25.14;23.86
2;11284;23.32;25.14;23.86
2;11309;23.32;25.14;23.86
2;11334;23.32;25.14;23.77
2;11359;23.32;25.14;23.77
2;11385;23.32;25.14;23.77
2;11410;23.23;25.14;23.77
2;11452;23.23;25.14;23.77
2;11477;23.23;25.14;23.77
2;11502;23.23;25.14;23.68
2;11527;23.23;25.14;23.68
2;11552;23.23;25.05;23.68
2;11601;23.23;25.05;23.68
2;11626;23.23;25.05;23.68
2;11651;23.23;25.05;23.68
2;11676;23.23;25.05;23.68
2;11701;23.23;25.05;23.59
2;11726;23.23;25.05;23.68
2;11751;23.23;25.05;23.59
2;11777;23.23;25.05;23.59
2;11802;23.23;25.05;23.59
2;11827;23.23;24.95;23.59
2;11870;23.23;25.05;23.59
2;11914;23.23;24.95;23.59
2;11939;23.23;25.05;23.59
2;11984;23.23;25.05;23.59
2;12009;23.14;25.05;23.59
2;12034;23.14;24.95;23.59
2;12059;23.14;25.05;23.59
2;12104;23.14;25.05;23.59
2;12129;23.14;25.05;23.59
2;12172;23.14;25.05;23.59
2;12197;23.05;24.95;23.59
2;12223;23.05;24.95;23.59
2;12267;23.05;25.05;23.59
2;12292;23.05;24.95;23.59
2;12317;23.05;24.95;23.59
2;12343;22.95;24.95;23.59
2;12368;22.95;24.95;23.59
2;12393;23.05;24.95;23.59
2;12418;22.95;24.95;23.59
2;12443;22.95;24.95;23.59
2;12469;22.95;24.95;23.5
2;12494;22.95;24.95;23.5
2;12519;22.95;24.95;23.5
2;12562;22.95;24.95;23.5
2;12588;22.95;24.95;23.5
2;12613;22.95;24.95;23.5
2;12638;22.95;24.95;23.5
2;12663;22.95;24.95;23.41
2;12688;22.95;24.95;23.41
2;12713;22.95;24.95;23.41
2;12739;22.95;24.95;23.41
2;12781;22.95;24.95;23.41
2;12807;22.86;24.95;23.41
2;12832;22.86;24.95;23.41
2;12857;22.86;24.95;23.41
2;12901;22.86;24.95;23.41
2;12926;22.86;24.95;23.41
2;12970;22.86;24.95;23.41
2;12995;22.86;24.95;23.41
2;13038;22.86;24.95;23.41
2;13063;22.77;24.95;23.41
2;13107;22.86;24.95;23.32
2;13132;22.77;24.95;23.41
2;13157;22.77;24.95;23.32
2;13182;22.77;24.95;23.32
2;13207;22.77;24.95;23.32
2;13233;22.77;24.95;23.41
2;13258;22.77;24.86;23.32
2;13283;22.77;24.86;23.41
2;13308;22.77;24.86;23.41
2;13333;22.77;24.86;23.41
2;13359;22.77;24.86;23.41
2;13384;22.77;24.86;23.41
2;13409;22.77;24.86;23.41
2;13434;22.77;24.86;23.41
2;13459;22.77;24.86;23.41
2;13502;22.77;24.86;23.41
2;13527;22.77;24.86;23.41
2;13571;22.77;24.86;23.41
2;13596;22.77;24.86;23.41
2;13621;22.77;24.86;23.41
2;13646;22.77;24.86;23.32
2;13671;22.77;24.86;23.32
2;13697;22.77;24.86;23.32
2;13722;22.77;24.86;23.32
2;13747;22.77;24.77;23.32
2;13772;22.77;24.86;23.32
2;13797;22.77;24.86;23.32
2;13823;22.77;24.86;23.23
2;13848;22.77;24.86;23.23
2;13873;22.77;24.86;23.23
2;13898;22.77;24.86;23.23
2;13923;22.77;24.86;23.23
2;13948;22.77;24.77;23.23
2;13973;22.77;24.86;23.23
2;13998;22.77;24.86;23.23
2;14023;22.77;24.77;23.23
2;14067;22.77;24.77;23.23
2;14110;22.77;24.68;23.23
2;14135;22.68;24.77;23.14
2;14161;22.77;24.77;23.14
2;14186;22.77;24.77;23.14
2;14230;22.77;24.77;23.14
2;14274;22.77;24.68;23.14
2;14299;22.77;24.68;23.14
2;14324;22.77;24.68;23.14
2;14350;22.77;24.68;23.14
2;14375;22.77;24.68;23.14
2;14400;22.77;24.68;23.14
2;14425;22.77;24.68;23.14
2;14450;22.77;24.68;23.14
2;14495;22.77;24.68;23.14
2;14539;22.77;24.68;23.14
2;14564;22.77;24.68;23.14
2;14607;22.77;24.68;23.14
2;14632;22.77;24.68;23.14
2;14658;22.77;24.68;23.14
2;14683;22.77;24.68;23.14
2;14708;22.77;24.68;23.14
2;14733;22.77;24.68;23.05
2;14758;22.77;24.68;23.05
2;14783;22.77;24.68;23.05
2;14809;22.68;24.68;23.05
2;14834;22.68;24.68;23.05
2;14859;22.68;24.68;23.05
2;14904;22.68;24.68;23.05
2;14929;22.68;24.68;23.05
2;14954;22.68;24.68;23.14
2;14979;22.68;24.68;23.14
2;15004;22.68;24.68;23.05
2;15029;22.68;24.68;23.05
2;15073;22.68;24.68;23.05
2;15099;22.59;24.68;23.05
2;15124;22.59;24.68;23.05
2;15149;22.59;24.68;23.05
2;15174;22.59;24.59;23.05
2;15235;22.59;24.68;23.05
2;15260;22.5;24.68;23.05
2;15285;22.5;24.68;23.05
2;15310;22.5;24.59;22.95
2;15335;22.5;24.68;22.95
2;15360;22.41;24.59;22.95
2;15386;22.41;24.59;22.95
2;15411;22.41;24.59;22.95
2;15436;22.32;24.59;22.95
2;15461;22.32;24.59;22.95
2;15486;22.32;24.59;22.95
2;15511;22.32;24.59;22.95
2;15536;22.32;24.59;22.95
2;15561;22.32;24.59;22.95
2;15587;22.32;24.59;22.95
2;15612;22.32;24.59;22.95
2;15637;22.32;24.59;22.86
2;15682;22.32;24.59;22.86
2;15707;22.32;24.59;22.86
2;15750;22.32;24.59;22.86
2;15775;22.32;24.59;22.86
2;15800;22.32;24.5;22.86
2;15826;22.32;24.5;22.86
2;15851;22.32;24.5;22.77
2;15876;22.32;24.5;22.77
2;15901;22.32;24.5;22.77
2;15926;22.32;24.5;22.77
2;15951;22.32;24.5;22.77
2;15976;22.32;24.5;22.77
2;16001;22.32;24.5;22.77
2;16026;22.32;24.5;22.77
2;16052;22.32;24.5;22.77
2;16095;22.32;24.5;22.77
2;16138;22.32;24.41;22.77
2;16184;22.23;24.41;22.77
2;16209;22.23;24.41;22.77
2;16234;22.23;24.41;22.77
2;16260;22.23;24.41;22.77
2;16285;22.23;24.41;22.77
2;16310;22.23;24.41;22.77
2;16335;22.23;24.41;22.77
2;16360;22.23;24.41;22.77
2;16385;22.14;24.41;22.77
2;16411;22.14;24.41;22.77
2;16454;22.14;24.41;22.86
2;16479;22.14;24.41;22.77
2;16523;22.14;24.41;22.77
2;16548;22.14;24.41;22.77
2;16593;22.14;24.41;22.77
2;16618;22.14;24.41;22.77
2;16643;22.14;24.41;22.77
2;16668;22.14;24.41;22.77
2;16711;22.14;24.41;22.77
2;16736;22.14;24.41;22.86
2;16780;22.14;24.32;22.86
2;16806;22.14;24.32;22.86
2;16831;22.05;24.32;22.86
2;16856;22.05;24.32;22.86
2;16881;22.14;24.32;22.86
2;16906;22.05;24.32;22.86
2;16932;22.05;24.32;22.86
2;16957;22.05;24.32;22.86
2;16982;22.05;24.32;22.77
2;17026;22.05;24.32;22.77
2;17051;22.05;24.32;22.77
2;17076;22.05;24.32;22.77
2;17101;22.05;24.32;22.77
2;17145;22.05;24.32;22.77
2;17169;22.05;24.32;22.77
2;17195;22.05;24.32;22.77
2;17239;22.05;24.32;22.77
2;17264;21.96;24.32;22.77
2;17289;21.96;24.32;22.77
2;17314;21.96;24.32;22.77
2;17339;21.96;24.32;22.77
2;17364;21.96;24.32;22.77
2;17390;21.96;24.32;22.77
2;17434;21.96;24.32;22.77
2;17477;21.96;24.32;22.77
2;17502;21.96;24.32;22.77
2;17526;21.96;24.32;22.77
2;17552;21.96;24.32;22.77
2;17577;21.96;24.32;22.77
2;17602;21.96;24.22;22.77
2;17646;21.96;24.32;22.77
2;17671;21.96;24.32;22.77
2;17696;21.96;24.32;22.77
2;17722;21.96;24.32;22.77
2;17747;21.96;24.32;22.77
2;17772;21.96;24.32;22.77
2;17797;21.96;24.32;22.77
2;17822;21.96;24.32;22.77
2;17848;21.96;24.32;22.77
2;17892;21.96;24.32;22.77
2;17917;21.96;24.32;22.77
2;17942;21.96;24.32;22.77
2;17967;21.96;24.32;22.77
2;17993;21.96;24.22;22.77
2;18018;21.96;24.22;22.77
2;18043;21.96;24.22;22.77
2;18068;21.96;24.22;22.77
2;18093;21.96;24.22;22.77
2;18136;21.96;24.22;22.77
2;18161;21.96;24.22;22.77
2;18187;21.96;24.22;22.77
2;18212;21.96;24.13;22.77
2;18254;21.96;24.22;22.77
2;18279;21.96;24.22;22.77
2;18322;21.87;24.22;22.68
2;18347;21.87;24.22;22.68
2;18373;21.87;24.22;22.68
2;18398;21.87;24.22;22.68
2;18443;21.87;24.13;22.68
2;18468;21.87;24.13;22.68
2;18511;21.87;24.13;22.59
2;18536;21.78;24.13;22.59
2;18561;21.78;24.13;22.59
2;18586;21.78;24.13;22.59
2;18631;21.78;24.13;22.5
2;18656;21.78;24.13;22.5
2;18681;21.78;24.13;22.5
2;18706;21.78;24.13;22.5
2;18731;21.78;24.13;22.5
2;18756;21.78;24.13;22.5
2;18800;21.78;24.13;22.5
2;18825;21.78;24.13;22.5
2;18869;21.69;24.13;22.5
2;18895;21.6;24.13;22.5
2;18920;21.6;24.13;22.5
2;18945;21.6;24.13;22.5
2;18970;21.6;24.13;22.5
2;18995;21.6;24.13;22.41
2;19021;21.6;24.04;22.5
2;19046;21.6;24.13;22.5
2;19071;21.6;24.13;22.41
2;19096;21.6;24.13;22.41
2;19121;21.6;24.04;22.41
2;19146;21.6;24.13;22.41
2;19171;21.6;24.13;22.41
2;19196;21.6;24.04;22.41
2;19221;21.6;24.04;22.41
2;19247;21.51;24.04;22.41
2;19291;21.51;24.04;22.41
2;19316;21.51;24.04;22.41
2;19341;21.51;24.04;22.41
2;19366;21.51;24.04;22.41
2;19410;21.51;24.04;22.41
2;19436;21.51;23.95;22.41
2;19461;21.51;23.95;22.41
2;19486;21.51;24.04;22.41
2;19511;21.51;23.95;22.41
2;19536;21.51;23.95;22.41
2;19561;21.51;23.95;22.41
2;19587;21.51;23.95;22.41
2;19631;21.51;23.95;22.41
2;19656;21.51;23.95;22.41
2;19698;21.51;23.95;22.41
2;19723;21.42;23.95;22.41
2;19749;21.42;23.95;22.41
2;19774;21.42;23.95;22.41
2;19799;21.42;23.95;22.41
2;19824;21.33;23.86;22.41
2;19849;21.33;23.95;22.41
2;19875;21.33;23.95;22.41
2;19900;21.33;23.95;22.41
2;19944;21.33;23.95;22.41
2;19970;21.33;23.95;22.41
2;20013;21.33;23.95;22.41
2;20038;21.33;23.95;22.41
2;20082;21.33;23.95;22.41
2;20107;21.33;23.86;22.41
2;20150;21.33;23.86;22.41
2;20175;21.33;23.86;22.41
2;20200;21.33;23.86;22.41
2;20225;21.33;23.86;22.41
2;20251;21.24;23.86;22.41
2;20276;21.33;23.86;22.41
2;20301;21.24;23.86;22.41
2;20326;21.24;23.86;22.41
2;20351;21.24;23.86;22.41
2;20377;21.24;23.86;22.41
2;20402;21.24;23.86;22.41
2;20427;21.24;23.86;22.41
2;20452;21.24;23.86;22.41
2;20477;21.24;23.86;22.41
2;20521;21.24;23.86;22.41
2;20547;21.15;23.86;22.41
2;20572;21.15;23.86;22.41
2;20597;21.15;23.86;22.41
2;20622;21.15;23.86;22.41
2;20647;21.15;23.86;22.41
2;20690;21.15;23.86;22.41
2;20715;21.15;23.86;22.41
2;20741;21.15;23.86;22.41
2;20766;21.15;23.86;22.41
2;20791;21.15;23.86;22.41
2;20816;21.15;23.86;22.41
2;20841;21.15;23.86;22.41
2;20866;21.15;23.86;22.41
2;20891;21.15;23.86;22.41
2;20916;21.06;23.86;22.41
2;20941;21.06;23.86;22.41
2;20967;21.06;23.86;22.41
2;20992;21.06;23.86;22.41
2;21017;21.06;23.86;22.41
2;21042;21.06;23.86;22.41
2;21067;21.06;23.86;22.41
2;21092;21.06;23.86;22.41
2;21137;21.06;23.86;22.41
2;21162;21.06;23.86;22.41
2;21205;21.06;23.77;22.41
2;21230;20.97;23.86;22.41
2;21255;20.97;23.86;22.41
2;21280;20.97;23.86;22.41
2;21305;21.06;23.86;22.41
2;21330;20.97;23.86;22.41
2;21356;20.97;23.77;22.41
2;21381;21.06;23.77;22.41
2;21406;21.06;23.77;22.41
2;21431;21.06;23.77;22.41
2;21474;21.06;23.77;22.41
2;21499;21.06;23.77;22.41
2;21524;21.06;23.77;22.41
2;21549;21.06;23.77;22.41
2;21575;21.06;23.68;22.41
2;21600;20.97;23.77;22.41
2;21625;21.06;23.77;22.41
2;21669;21.15;23.77;22.41
2;21694;21.15;23.68;22.41
2;21719;21.15;23.68;22.41
2;21745;21.15;23.68;22.41
2;21770;21.15;23.68;22.41
2;21813;21.15;23.68;22.5
2;21838;21.15;23.68;22.41
2;21863;21.15;23.68;22.5
2;21889;21.15;23.68;22.5
2;21914;21.15;23.59;22.5
2;21939;21.15;23.68;22.5
2;21964;21.15;23.68;22.5
2;21989;21.15;23.68;22.5
2;22015;21.15;23.68;22.5
2;22040;21.15;23.68;22.5
2;22065;21.15;23.68;22.5
2;22090;21.15;23.68;22.5
2;22115;21.15;23.68;22.5
2;22157;21.15;23.68;22.5
2;22202;21.15;23.68;22.5
2;22227;21.15;23.68;22.5
2;22252;21.15;23.68;22.5
2;22278;21.15;23.68;22.5
2;22303;21.15;23.68;22.5
2;22328;21.15;23.68;22.5
2;22353;21.15;23.68;22.5
2;22378;21.15;23.68;22.5
2;22403;21.15;23.68;22.5
2;22428;21.15;23.68;22.5
2;22492;21.15;23.68;22.5
2;22535;21.15;23.68;22.5
2;22560;21.15;23.68;22.5
2;22626;21.15;23.68;22.5
2;22651;21.24;23.59;22.5
2;22676;21.24;23.59;22.5
2;22701;21.24;23.68;22.5
2;22727;21.24;23.59;22.59
2;22752;21.24;23.68;22.59
2;22777;21.33;23.68;22.59
2;22822;21.33;23.68;22.59
2;22847;21.33;23.59;22.59
2;22891;21.33;23.68;22.59
2;22933;21.33;23.68;22.59
2;22958;21.24;23.68;22.68
2;22983;21.24;23.68;22.68
2;23009;21.24;23.59;22.68
2;23034;21.33;23.59;22.68
2;23059;21.33;23.68;22.68
2;23084;21.24;23.59;22.68
2;23109;21.24;23.59;22.68
2;23135;21.24;23.59;22.68
2;23178;21.24;23.59;22.68
2;23204;21.24;23.59;22.68
2;23247;21.24;23.59;22.68
2;23289;21.24;23.59;22.68
2;23315;21.15;23.59;22.77
2;23340;21.24;23.59;22.77
2;23365;21.24;23.59;22.77
2;23390;21.15;23.59;22.77
2;23433;21.15;23.59;22.77
2;23478;21.15;23.59;22.77
2;23503;21.24;23.59;22.77
2;23529;21.33;23.59;22.77
2;23554;21.24;23.59;22.77
2;23579;21.24;23.59;22.77
2;23604;21.24;23.59;22.77
2;23647;21.33;23.59;22.77
2;23672;21.33;23.59;22.77
2;23716;21.33;23.59;22.77
2;23741;21.33;23.59;22.77
2;23766;21.33;23.59;22.77
2;23792;21.33;23.59;22.86
2;23817;21.33;23.59;22.86
2;23842;21.33;23.59;22.86
2;23867;21.33;23.59;22.86
2;23892;21.33;23.59;22.86
2;23918;21.42;23.59;22.86
2;23943;21.42;23.59;22.86
2;23968;21.42;23.59;22.86
2;23993;21.42;23.59;22.95
2;24018;21.42;23.59;22.95
2;24043;21.42;23.59;22.95
2;24068;21.42;23.59;22.95
2;24094;21.42;23.59;22.95
2;24119;21.42;23.59;22.95
2;24144;21.42;23.59;22.95
2;24169;21.51;23.59;23.05
2;24213;21.51;23.59;23.05
2;24238;21.51;23.59;23.05
2;24263;21.51;23.59;23.05
2;24288;21.51;23.59;23.14
2;24333;21.51;23.59;23.14
2;24358;21.51;23.59;23.14
2;24383;21.51;23.59;23.14
2;24408;21.51;23.59;23.14
2;24433;21.51;23.59;23.14
2;24458;21.51;23.59;23.14
2;24484;21.51;23.59;23.14
2;24509;21.51;23.59;23.14
2;24552;21.51;23.59;23.14
2;24577;21.6;23.59;23.23
2;24602;21.6;23.59;23.23
2;24627;21.6;23.59;23.23
2;24652;21.6;23.59;23.23
2;24677;21.6;23.59;23.23
2;24702;21.6;23.59;23.23
2;24728;21.6;23.59;23.23
2;24753;21.6;23.68;23.23
2;24778;21.6;23.68;23.23
2;24823;21.6;23.68;23.32
2;24866;21.69;23.59;23.32
2;24910;21.69;23.68;23.32
2;24936;21.69;23.68;23.41
2;24961;21.78;23.68;23.41
2;24986;21.69;23.68;23.41
2;25029;21.69;23.68;23.41
2;25054;21.78;23.68;23.41
2;25079;21.78;23.68;23.41
2;25104;21.78;23.68;23.5
2;25129;21.87;23.68;23.41
2;25154;21.78;23.68;23.5
2;25180;21.87;23.68;23.5
2;25205;21.87;23.68;23.5
2;25230;21.87;23.68;23.59
2;25255;21.87;23.68;23.59
2;25280;21.96;23.68;23.59
2;25306;21.96;23.68;23.59
2;25368;21.96;23.68;23.59
2;25410;21.96;23.68;23.59
2;25455;21.96;23.68;23.59
2;25498;22.05;23.68;23.59
2;25557;22.05;23.68;23.59
2;25600;22.05;23.68;23.59
2;25625;22.14;23.59;23.68
2;25650;22.14;23.68;23.68
2;25675;22.14;23.68;23.68
2;25700;22.23;23.68;23.68
2;25760;22.23;23.68;23.68
2;25785;22.32;23.68;23.68
2;25828;22.32;23.68;23.77
2;25872;22.32;23.77;23.77
2;25897;22.32;23.68;23.77
2;25942;22.32;23.77;23.86
2;25984;22.41;23.77;23.86
2;26009;22.5;23.77;23.86
2;26053;22.5;23.77;23.86
2;26078;22.5;23.77;23.86
2;26125;22.5;23.77;23.86
2;26150;22.59;23.77;23.86
2;26175;22.59;23.77;23.86
2;26200;22.59;23.77;23.86
2;26225;22.68;23.77;23.86
2;26250;22.68;23.86;23.86
2;26276;22.68;23.86;23.86
2;26301;22.68;23.86;23.86
2;26326;22.68;23.86;23.86
2;26369;22.77;23.86;23.95
2;26394;22.77;23.86;23.95
2;26420;22.77;23.86;23.95
2;26445;22.77;23.86;23.95
2;26470;22.77;23.86;23.95
2;26495;22.86;23.86;23.95
2;26520;22.86;23.86;23.95
2;26566;22.86;23.86;23.95
2;26609;22.86;23.77;24.04
2;26634;22.95;23.86;24.04
2;26659;22.95;23.86;24.13
2;26702;22.95;23.86;24.13
2;26727;22.95;23.77;24.13
2;26752;22.95;23.86;24.13
2;26795;22.95;23.86;24.13
2;26821;22.95;23.86;24.13
2;26846;22.95;23.86;24.13
2;26871;22.95;23.86;24.13
2;26896;22.95;23.86;24.13
2;26921;22.95;23.86;24.13
2;26965;22.95;23.86;24.13
2;26990;22.95;23.86;24.22
2;27034;23.05;23.86;24.22
2;27077;23.05;23.86;24.22
2;27122;23.05;23.86;24.32
2;27147;23.05;23.86;24.32
2;27172;23.05;23.86;24.32
2;27198;23.05;23.86;24.32
2;27259;23.05;23.86;24.32
2;27284;23.14;23.86;24.32
2;27309;23.14;23.86;24.32
2;27334;23.14;23.86;24.32
2;27378;23.14;23.86;24.32
2;27403;23.14;23.86;24.41
2;27446;23.23;23.86;24.41
2;27490;23.23;23.86;24.41
2;27516;23.23;23.86;24.41
2;27541;23.23;23.95;24.41
2;27566;23.23;23.86;24.5
2;27610;23.23;23.95;24.5
2;27636;23.23;23.95;24.5
2;27661;23.23;23.95;24.59
2;27706;23.23;23.86;24.59
2;27731;23.32;23.95;24.59
2;27774;23.32;23.95;24.59
2;27799;23.32;23.95;24.59
2;27842;23.32;23.95;24.59
2;27867;23.32;23.95;24.68
2;27892;23.32;23.95;24.68
2;27937;23.32;23.95;24.68
2;27962;23.32;23.95;24.68
2;27987;23.32;23.95;24.68
2;28012;23.32;23.95;24.68
2;28038;23.32;23.95;24.68
2;28063;23.32;24.04;24.68
2;28088;23.32;24.04;24.68
2;28113;23.32;24.04;24.68
2;28138;23.41;24.04;24.68
2;28163;23.32;24.04;24.77
2;28188;23.41;24.04;24.77
2;28213;23.41;24.04;24.77
2;28238;23.41;24.04;24.77
2;28263;23.41;24.04;24.77
2;28288;23.5;24.13;24.77
2;28314;23.5;24.04;24.86
2;28359;23.5;24.13;24.86
2;28384;23.5;24.13;24.86
2;28409;23.5;24.13;24.86
2;28454;23.5;24.13;24.86
2;28479;23.5;24.13;24.86
2;28504;23.5;24.13;24.86
2;28549;23.5;24.13;24.95
2;28594;23.59;24.13;24.95
2;28636;23.59;24.13;24.95
2;28661;23.59;24.13;24.95
2;28704;23.68;24.13;24.95
2;28729;23.68;24.13;24.95
2;28754;23.68;24.13;24.95
2;28779;23.68;24.13;24.95
2;28824;23.68;24.13;24.95
2;28849;23.68;24.13;25.05
2;28893;23.68;24.13;25.05
2;28918;23.68;24.13;25.05
2;28961;23.68;24.22;25.05
2;28986;23.77;24.22;25.14
2;29012;23.77;24.22;25.14
2;29037;23.77;24.22;25.14
2;29062;23.77;24.22;25.14
2;29087;23.77;24.22;25.14
2;29112;23.77;24.22;25.14
2;29137;23.77;24.22;25.14
2;29181;23.77;24.22;25.23
2;29225;23.77;24.22;25.23
2;29249;23.77;24.22;25.23
2;29275;23.77;24.22;25.23
2;29300;23.77;24.32;25.23
2;29325;23.86;24.32;25.23
2;29370;23.95;24.32;25.32
2;29414;23.95;24.32;25.32
2;29439;23.95;24.32;25.32
2;29464;23.95;24.32;25.32
2;29489;24.04;24.32;25.32
2;29514;24.04;24.32;25.32
2;29540;24.04;24.32;25.32
2;29565;24.13;24.32;25.32
2;29590;24.13;24.32;25.32
2;29615;24.13;24.32;25.32
2;29640;24.13;24.32;25.41
2;29665;24.13;24.32;25.41
2;29690;24.13;24.32;25.41
2;29716;24.13;24.32;25.41
2;29758;24.13;24.32;25.5
2;29784;24.13;24.32;25.5
2;29809;24.22;24.32;25.6
2;29851;24.22;24.32;25.6
2;29893;24.22;24.32;25.6
2;29918;24.22;24.32;25.6
2;29944;24.32;24.32;25.6
2;29969;24.32;24.32;25.6
2;30012;24.32;24.32;25.6
2;30057;24.32;24.32;25.69
2;30082;24.32;24.32;25.69
2;30107;24.32;24.32;25.69
2;30152;24.32;24.32;25.69
2;30177;24.41;24.32;25.69
2;30203;24.41;24.41;25.69
2;30228;24.41;24.32;25.69
2;30253;24.41;24.41;25.78
2;30296;24.41;24.41;25.78
2;30321;24.41;24.41;25.78
2;30346;24.5;24.32;25.78
2;30371;24.5;24.41;25.87
2;30396;24.5;24.41;25.87
2;30422;24.5;24.41;25.87
2;30464;24.5;24.32;25.96
2;30509;24.5;24.41;25.96
2;30535;24.5;24.41;26.06
2;30560;24.59;24.41;26.06
2;30585;24.5;24.41;26.06
2;30610;24.59;24.41;26.06
2;30653;24.59;24.41;26.06
2;30678;24.68;24.41;26.15
2;30704;24.68;24.41;26.15
2;30729;24.68;24.41;26.15
2;30754;24.68;24.5;26.15
2;30779;24.68;24.5;26.15
2;30804;24.68;24.5;26.15
2;30847;24.68;24.5;26.15
2;30891;24.68;24.5;26.15
2;30916;24.77;24.5;26.15
2;30942;24.77;24.5;26.15
2;30967;24.77;24.59;26.15
2;30992;24.77;24.59;26.15
2;31055;24.77;24.59;26.15
2;31080;24.77;24.59;26.15
2;31105;24.77;24.59;26.24
2;31131;24.86;24.59;26.24
2;31156;24.86;24.59;26.24
2;31181;24.86;24.68;26.33
2;31206;24.86;24.59;26.33
2;31231;24.86;24.68;26.33
2;31256;24.86;24.68;26.33
2;31281;24.86;24.68;26.33
2;31307;24.86;24.68;26.33
2;31332;24.86;24.68;26.42
2;31357;24.86;24.68;26.42
2;31382;24.95;24.68;26.42
2;31407;24.95;24.68;26.33
2;31433;24.95;24.68;26.33
2;31458;24.95;24.68;26.33
2;31483;24.95;24.68;26.33
2;31508;24.95;24.68;26.24
2;31533;25.05;24.68;26.24
2;31558;25.05;24.68;26.24
2;31583;25.05;24.68;26.24
2;31609;25.05;24.68;26.24
2;31634;25.14;24.68;26.24
2;31659;25.14;24.68;26.15
2;31684;25.14;24.68;26.15
2;31709;25.14;24.68;26.15
2;31734;25.23;24.68;26.15
2;31760;25.23;24.68;26.15
2;31785;25.23;24.68;26.15
2;31810;25.23;24.68;26.15
2;31835;25.23;24.68;26.15
2;31878;25.23;24.77;26.15
2;31903;25.23;24.77;26.15
2;31947;25.23;24.77;26.15
2;31973;25.23;24.77;26.15
2;31998;25.23;24.77;26.15
2;32023;25.23;24.77;26.15
2;32048;25.23;24.77;26.15
2;32073;25.23;24.77;26.15
2;32098;25.23;24.77;26.15
2;32142;25.23;24.86;26.15
2;32185;25.23;24.86;26.24
2;32210;25.23;24.86;26.15
2;32235;25.23;24.86;26.24
2;32260;25.23;24.86;26.24
2;32285;25.23;24.86;26.15
2;32310;25.32;24.86;26.24
2;32336;25.32;24.86;26.24
2;32361;25.32;24.86;26.24
2;32386;25.32;24.86;26.24
2;32411;25.32;24.86;26.24
2;32436;25.32;24.86;26.24
2;32462;25.32;24.86;26.24
2;32487;25.32;24.86;26.24
2;32512;25.32;24.86;26.24
2;32537;25.41;24.86;26.24
2;32562;25.32;24.95;26.24
2;32607;25.41;24.95;26.33
2;32649;25.41;24.95;26.33
2;32674;25.41;24.86;26.33
2;32699;25.41;24.95;26.33
2;32725;25.41;24.95;26.33
2;32750;25.41;24.95;26.33
2;32775;25.41;24.95;26.33
2;32818;25.41;24.95;26.33
2;32843;25.41;24.86;26.33
2;32868;25.41;24.95;26.33
2;32894;25.41;24.95;26.33
2;32919;25.41;24.95;26.33
2;32944;25.41;24.95;26.33
2;32969;25.41;24.95;26.33
2;32994;25.41;24.95;26.42
2;33020;25.5;24.95;26.33
2;33044;25.5;24.95;26.42
2;33089;25.5;24.95;26.42
2;33131;25.5;24.95;26.42
2;33156;25.5;24.95;26.42
2;33182;25.5;24.95;26.42
2;33207;25.5;24.95;26.42
2;33232;25.5;25.05;26.42
2;33257;25.5;25.05;26.42
2;33299;25.5;25.05;26.42
2;33324;25.6;25.05;26.42
2;33350;25.6;25.05;26.42
2;33375;25.69;25.05;26.42
2;33417;25.69;25.05;26.52
2;33442;25.69;25.05;26.52
2;33467;25.69;25.05;26.52
2;33492;25.69;25.05;26.52
2;33518;25.78;25.05;26.52
2;33543;25.78;25.05;26.52
2;33588;25.78;25.14;26.52
2;33613;25.78;25.14;26.52
2;33638;25.87;25.14;26.52
2;33663;25.78;25.05;26.52
2;33707;25.78;25.14;26.52
2;33732;25.87;25.05;26.61
2;33757;25.87;25.14;26.61
2;33782;25.87;25.14;26.61
2;33807;25.87;25.14;26.61
2;33833;25.87;25.14;26.61
2;33858;25.87;25.14;26.61
2;33883;25.87;25.14;26.61
2;33908;25.87;25.14;26.61
2;33952;25.87;25.14;26.61
2;33977;25.87;25.14;26.61
2;34002;25.87;25.14;26.61
2;34027;25.87;25.14;26.61
2;34052;25.96;25.14;26.61
2;34095;25.96;25.23;26.61
2;34120;25.96;25.23;26.61
2;34145;25.96;25.23;26.7
2;34170;25.96;25.23;26.7
2;34195;26.06;25.23;26.7
2;34220;26.06;25.23;26.7
2;34246;26.06;25.32;26.7
2;34271;26.06;25.32;26.7
2;34296;26.15;25.32;26.8
2;34321;26.15;25.23;26.8
2;34346;26.15;25.32;26.8
2;34372;26.15;25.32;26.8
2;34397;26.15;25.32;26.8
2;34422;26.15;25.32;26.8
2;34447;26.15;25.32;26.8
2;34472;26.15;25.23;26.8
2;34497;26.15;25.32;26.8
2;34523;26.15;25.32;26.8
2;34548;26.15;25.32;26.8
2;34573;26.24;25.32;26.89
2;34598;26.15;25.32;26.89
2;34623;26.24;25.32;26.89
2;34649;26.24;25.32;26.89
2;34674;26.24;25.32;26.89
2;34699;26.24;25.32;26.89
2;34742;26.24;25.32;26.98
2;34767;26.24;25.32;26.98
2;34810;26.24;25.32;26.98
2;34852;26.24;25.32;26.98
2;34877;26.24;25.32;27.07
2;34902;26.24;25.32;27.07
2;34945;26.24;25.32;27.07
2;34970;26.24;25.32;27.07
2;35032;26.24;25.41;27.07
2;35058;26.24;25.41;27.17
2;35083;26.24;25.41;27.07
2;35108;26.24;25.41;27.17
2;35133;26.24;25.41;27.17
2;35158;26.24;25.41;27.17
2;35203;26.24;25.41;27.17
2;35245;26.24;25.41;27.26
2;35270;26.33;25.41;27.26
2;35295;26.33;25.41;27.26
2;35321;26.33;25.5;27.26
2;35346;26.33;25.5;27.26
2;35371;26.33;25.5;27.26
2;35396;26.33;25.5;27.26
2;35421;26.33;25.5;27.26
2;35464;26.33;25.5;27.26
2;35489;26.33;25.5;27.26
2;35514;26.33;25.5;27.26
2;35540;26.33;25.6;27.26
2;35565;26.33;25.6;27.26
2;35590;26.42;25.6;27.26
2;35615;26.42;25.6;27.26
2;35640;26.42;25.6;27.26
2;35665;26.42;25.6;27.26
2;35690;26.42;25.6;27.26
2;35716;26.42;25.6;27.35
2;35741;26.42;25.6;27.35
2;35766;26.42;25.6;27.35
2;35797;26.42;25.6;27.35
2;35833;26.52;25.6;27.35
2;35859;26.52;25.6;27.35
2;35884;26.52;25.6;27.35
2;35909;26.61;25.69;27.35
2;35934;26.52;25.69;27.45
2;35959;26.61;25.69;27.45
2;35984;26.61;25.69;27.45
2;36009;26.61;25.69;27.45
2;36035;26.61;25.69;27.45
2;36060;26.61;25.69;27.54
2;36085;26.61;25.6;27.54
2;36129;26.61;25.69;27.54
2;36154;26.61;25.69;27.54
2;36179;26.7;25.69;27.54
2;36204;26.7;25.69;27.54
2;36230;26.7;25.69;27.54
2;36273;26.7;25.69;27.63
2;36298;26.7;25.69;27.63
2;36323;26.7;25.69;27.63
2;36348;26.7;25.69;27.63
2;36373;26.7;25.69;27.63
2;36437;26.7;25.78;27.63
2;36481;26.7;25.78;27.63
2;36507;26.8;25.78;27.63
2;36550;26.8;25.78;27.63
2;36593;26.8;25.78;27.63
2;36637;26.8;25.78;27.73
2;36662;26.89;25.78;27.73
2;36688;26.89;25.78;27.73
2;36713;26.89;25.78;27.73
2;36738;26.98;25.78;27.73
2;36763;26.98;25.78;27.82
2;36788;26.98;25.78;27.82
2;36813;26.98;25.78;27.82
2;36838;26.98;25.87;27.82
2;36863;26.98;25.87;27.82
2;36888;26.98;25.87;27.82
2;36913;26.98;25.87;27.82
2;36938;26.98;25.87;27.82
2;36963;26.98;25.87;27.91
2;37028;26.98;25.87;27.91
2;37053;27.17;25.87;27.91
2;37079;27.17;25.87;27.91
2;37104;27.17;25.87;27.91
2;37129;27.17;25.87;27.91
2;37174;27.17;25.87;27.91
2;37233;27.17;25.96;28.01
2;37276;27.17;25.96;28.01
2;37301;27.26;25.96;28.01
2;37326;27.26;25.96;28.01
2;37351;27.26;25.96;28.01
2;37376;27.26;26.06;28.01
2;37402;27.26;26.06;28.01
2;37427;27.26;26.06;28.01
2;37452;27.26;26.06;28.01
2;37477;27.26;26.06;28.1
2;37522;27.26;26.06;28.1
2;37547;27.35;26.06;28.1
2;37609;27.35;26.06;28.1
2;37634;27.35;26.06;28.1
2;37660;27.35;26.06;28.1
2;37705;27.35;26.06;28.19
2;37730;27.45;26.15;28.19
2;37791;27.45;26.15;28.19
2;37816;27.45;26.15;28.19
2;37842;27.45;26.15;28.19
2;37886;27.45;26.15;28.19
2;37911;27.54;26.15;28.29
2;37936;27.63;26.15;28.29
2;37962;27.63;26.15;28.29
2;37987;27.63;26.15;28.29
2;38012;27.63;26.15;28.29
2;38037;27.63;26.15;28.29
2;38062;27.63;26.15;28.29
2;38088;27.63;26.15;28.29
2;38113;27.73;26.15;28.29
2;38138;27.73;26.15;28.29
2;38163;27.73;26.15;28.29
2;38188;27.73;26.15;28.29
2;38213;27.73;26.15;28.29
2;38256;27.73;26.15;28.29
2;38281;27.82;26.15;28.38
2;38306;27.82;26.24;28.38
2;38350;27.82;26.24;28.38
2;38376;27.82;26.24;28.38
2;38420;27.82;26.24;28.48
2;38445;27.82;26.24;28.38
2;38491;27.82;26.24;28.48
2;38550;27.82;26.33;28.48
2;38575;27.91;26.33;28.48
2;38601;27.91;26.33;28.48
2;38626;27.82;26.33;28.48
2;38651;27.91;26.33;28.48
2;38676;27.91;26.33;28.48
2;38701;27.82;26.33;28.48
2;38727;27.91;26.33;28.48
2;38751;27.91;26.33;28.48
2;38796;27.91;26.33;28.57
2;38821;27.82;26.33;28.57
2;38846;27.82;26.33;28.57
2;38871;27.82;26.42;28.57
2;38896;27.82;26.42;28.57
2;38922;27.82;26.42;28.57
2;38947;27.91;26.42;28.57
2;38972;27.91;26.42;28.57
2;38997;27.91;26.42;28.57
2;39022;27.91;26.42;28.66
2;39048;27.91;26.42;28.66
2;39073;27.91;26.42;28.66
2;39098;27.91;26.42;28.66
2;39123;27.91;26.42;28.66
2;39165;27.91;26.42;28.66
2;39191;28.01;26.42;28.66
2;39216;28.01;26.42;28.66
2;39241;28.01;26.42;28.66
2;39266;28.01;26.52;28.66
2;39291;28.01;26.52;28.66
2;39334;28.01;26.52;28.66
2;39359;28.01;26.52;28.66
2;39384;28.01;26.52;28.66
2;39409;28.01;26.52;28.66
2;39435;28.01;26.52;28.66
2;39460;28.01;26.52;28.66
2;39485;28.01;26.52;28.66
2;39510;28.01;26.52;28.66
2;39553;28.01;26.52;28.76
2;39578;28.1;26.52;28.76
2;39604;28.1;26.52;28.76
2;39629;28.1;26.52;28.76
2;39674;28.1;26.52;28.76
2;39699;28.1;26.52;28.76
2;39724;28.1;26.52;28.85
2;39750;28.1;26.52;28.76
2;39775;28.19;26.52;28.85
2;39800;28.19;26.52;28.85
2;39825;28.19;26.61;28.85
2;39870;28.19;26.61;28.85
2;39914;28.19;26.61;28.85
2;39940;28.19;26.61;28.85
2;39964;28.19;26.61;28.85
2;39989;28.19;26.61;28.85
2;40033;28.19;26.61;28.95
2;40058;28.29;26.61;28.95
2;40101;28.29;26.61;28.95
2;40126;28.29;26.61;28.95
2;40151;28.38;26.7;28.95
2;40176;28.38;26.7;28.95
2;40202;28.38;26.7;28.95
2;40227;28.38;26.7;28.95
2;40252;28.38;26.7;29.04
2;40277;28.38;26.7;29.04
2;40302;28.38;26.7;29.04
2;40327;28.48;26.7;29.04
2;40352;28.48;26.7;29.04
2;40378;28.48;26.8;29.04
2;40403;28.48;26.8;29.04
2;40428;28.48;26.8;29.04
2;40473;28.48;26.8;29.04
2;40518;28.48;26.8;29.04
2;40544;28.48;26.8;29.04
2;40569;28.57;26.8;29.04
2;40594;28.57;26.8;29.04
2;40619;28.57;26.8;29.14
2;40644;28.57;26.8;29.14
2;40670;28.57;26.8;29.14
2;40695;28.57;26.8;29.14
2;40720;28.57;26.8;29.14
2;40745;28.57;26.8;29.14
2;40770;28.57;26.8;29.14
2;40796;28.57;26.8;29.14
2;40821;28.57;26.7;29.14
2;40846;28.66;26.8;29.23
2;40871;28.66;26.8;29.23
2;40896;28.66;26.8;29.23
2;40921;28.66;26.89;29.23
2;40947;28.66;26.89;29.23
2;40972;28.66;26.89;29.23
2;40997;28.66;26.89;29.23
2;41022;28.66;26.89;29.33
2;41065;28.66;26.89;29.33
2;41090;28.76;26.89;29.33
2;41153;28.76;26.98;29.33
2;41178;28.85;26.98;29.33
2;41203;28.85;26.98;29.33
2;41246;28.85;26.98;29.33
2;41271;28.85;26.98;29.33
2;41296;28.76;26.98;29.33
2;41321;28.76;26.98;29.33
2;41346;28.76;27.07;29.42
2;41372;28.76;27.07;29.42
2;41397;28.76;27.07;29.42
2;41440;28.76;27.07;29.42
2;41482;28.76;27.07;29.42
2;41507;28.76;27.07;29.42
2;41532;28.76;27.07;29.52
2;41575;28.76;27.07;29.52
2;41619;28.76;27.07;29.52
2;41662;28.85;27.07;29.52
2;41710;28.85;27.07;29.52
2;41747;28.85;27.17;29.52
2;41772;28.85;27.17;29.52
2;41797;28.85;27.17;29.52
2;41822;28.85;27.17;29.52
2;41847;28.85;27.17;29.52
2;41873;28.95;27.17;29.52
2;41898;28.85;27.17;29.52
2;41923;28.95;27.17;29.52
2;41965;28.95;27.17;29.52
2;41991;28.95;27.26;29.52
2;42016;29.04;27.26;29.52
2;42041;29.04;27.26;29.52
2;42084;29.04;27.17;29.52
2;42110;29.04;27.26;29.52
2;42135;29.04;27.26;29.52
2;42160;29.04;27.26;29.52
2;42185;29.04;27.26;29.52
2;42227;28.95;27.26;29.52
2;42271;28.95;27.26;29.52
2;42297;28.95;27.26;29.52
2;42322;28.95;27.26;29.52
2;42347;28.95;27.26;29.52
2;42390;29.04;27.26;29.52
2;42434;29.04;27.26;29.52
2;42459;29.14;27.26;29.52
2;42484;29.23;27.26;29.52
2;42509;29.33;27.26;29.52
2;42552;29.61;27.26;29.52
2;42577;29.71;27.26;29.61
2;42622;29.71;27.26;29.61
2;42647;30.09;27.35;29.61
2;42672;30.38;27.26;29.61
2;42715;30.76;27.35;29.61
2;42740;30.95;27.35;29.61
2;42766;31.15;27.35;29.61
2;42791;31.44;27.35;29.61
2;42816;31.63;27.35;29.61
2;42841;31.93;27.35;29.61
2;42866;32.02;27.35;29.61
2;42910;32.02;27.35;29.61
2;42952;32.02;27.45;29.61
2;42977;32.91;27.45;29.61
2;43002;33.11;27.45;29.61
2;43027;33.31;27.45;29.61
2;43052;33.51;27.35;29.61
2;43078;33.71;27.45;29.71
2;43103;33.91;27.45;29.71
2;43128;34.01;27.45;29.71
2;43153;34.11;27.45;29.71
2;43178;34.31;27.45;29.71
2;43222;34.31;27.45;29.71
2;43266;34.61;27.54;29.71
2;43291;34.82;27.54;29.71
2;43316;34.82;27.54;29.71
2;43341;34.92;27.54;29.71
2;43366;34.92;27.54;29.71
2;43392;35.12;27.54;29.71
2;43417;35.12;27.54;29.71
2;43461;35.12;27.54;29.71
2;43486;35.22;27.54;29.71
2;43511;35.33;27.54;29.71
2;43536;35.33;27.54;29.8
2;43562;35.53;27.54;29.8
2;43587;35.53;27.54;29.8
2;43612;35.53;27.54;29.8
2;43637;35.53;27.54;29.71
2;43662;35.53;27.63;29.71
2;43687;35.64;27.63;29.71
2;43713;35.74;27.54;29.71
2;43738;35.74;27.63;29.71
2;43763;35.94;27.63;29.71
2;43788;35.94;27.63;29.8
2;43813;35.94;27.63;29.8
2;43838;35.94;27.63;29.8
2;43864;35.94;27.54;29.8
2;43889;36.05;27.63;29.8
2;43914;36.05;27.63;29.8
2;43939;36.05;27.63;29.8
2;43964;36.05;27.63;29.8
2;43989;36.05;27.63;29.8
2;44014;35.94;27.63;29.8
2;44040;35.94;27.63;29.8
2;44083;35.94;27.63;29.8
2;44108;35.84;27.63;29.8
2;44133;35.84;27.63;29.8
2;44158;35.84;27.63;29.8
2;44183;35.84;27.63;29.8
2;44227;35.74;27.73;29.8
2;44271;35.74;27.73;29.8
2;44314;35.74;27.73;29.8
2;44339;35.74;27.73;29.8
2;44364;35.74;27.73;29.8
2;44389;35.53;27.73;29.8
2;44414;35.53;27.73;29.8
2;44439;35.53;27.73;29.9
2;44464;35.53;27.73;29.9
2;44525;35.53;27.73;29.9
2;44568;35.53;27.73;29.9
2;44632;35.53;27.82;29.9
2;44657;34.72;27.82;29.9
2;44700;34.72;27.82;29.9
2;44744;34.01;27.82;29.9
2;44787;34.01;27.82;29.9
2;44812;33.51;27.82;29.9
2;44837;33.41;27.82;29.9
2;44879;33.41;27.82;29.9
2;44905;33.01;27.82;29.9
2;44930;32.81;27.82;29.9
2;44974;32.81;27.82;29.99
2;44999;32.52;27.91;29.99
2;45024;32.32;27.91;29.99
2;45049;32.22;27.91;29.99
2;45092;31.93;27.91;29.99
2;45136;31.93;27.91;29.99
2;45180;31.93;27.91;29.99
2;45241;31.93;27.91;29.99
2;45266;31.34;27.91;29.99
2;45292;31.25;28.01;29.99
2;45317;31.25;28.01;29.99
2;45342;31.15;28.01;29.99
2;45367;31.05;28.01;29.99
2;45392;31.05;28.01;29.99
2;45418;30.95;28.01;29.99
2;45443;30.95;28.01;29.99
2;45487;30.95;28.01;29.99
2;45529;30.95;28.01;29.99
2;45554;30.76;28.01;29.99
2;45579;30.76;28.01;29.99
2;45604;30.67;28.01;29.99
2;45629;30.67;28.01;30.09
2;45655;30.67;28.01;29.99
2;45680;30.67;28.01;29.99
2;45722;30.67;28.01;29.99
2;45747;30.57;28.01;29.99
2;45772;30.47;28.01;29.99
2;45798;30.47;28.01;29.99
2;45840;30.47;28.01;29.99
2;45865;30.47;28.01;29.99
2;45890;30.38;28.01;30.09
2;45915;30.38;28.01;30.09
2;45940;30.38;28.01;30.09
2;45965;30.38;28.1;30.09
2;46010;30.38;28.1;30.09
2;46053;30.38;28.1;30.09
2;46078;30.38;28.1;30.09
2;46103;30.38;28.1;30.09
2;46128;30.38;28.1;30.09
2;46153;30.38;28.1;30.09
2;46179;30.38;28.1;30.09
2;46222;30.38;28.1;30.09
2;46264;30.38;28.1;30.09
2;46307;30.38;28.19;30.09
2;46350;30.38;28.19;30.09
2;46376;30.38;28.19;30.19
2;46401;30.38;28.19;30.19
2;46426;30.38;28.19;30.19
2;46451;30.38;28.19;30.19
2;46476;30.38;28.19;30.19
2;46520;30.38;28.19;30.19
2;46546;30.38;28.19;30.19
2;46571;30.38;28.19;30.19
2;46596;30.38;28.19;30.19
2;46621;30.38;28.19;30.19
2;46646;30.38;28.29;30.19
2;46671;30.38;28.29;30.19
2;46696;30.38;28.19;30.28
2;46721;30.38;28.29;30.19
2;46766;30.38;28.29;30.28
2;46792;30.38;28.29;30.19
2;46834;30.38;28.29;30.19
2;46859;30.38;28.29;30.19
2;46902;30.38;28.29;30.19
2;46927;30.38;28.19;30.19
2;46958;30.38;28.29;30.19
2;46994;30.38;28.29;30.19
2;47020;30.38;28.29;30.19
2;47045;30.38;28.29;30.19
2;47070;30.38;28.29;30.19
2;47095;30.38;28.29;30.19
2;47120;30.38;28.29;30.19
2;47145;30.38;28.29;30.19
2;47171;30.38;28.29;30.19
2;47196;30.38;28.29;30.19
2;47221;30.38;28.29;30.19
2;47246;30.38;28.29;30.19
2;47271;30.38;28.29;30.19
2;47296;30.38;28.29;30.19
2;47322;30.38;28.29;30.19
2;47347;30.38;28.38;30.09
2;47372;30.38;28.38;30.09
2;47403;30.38;28.38;30.19
2;47439;30.38;28.38;30.09
2;47465;30.38;28.38;30.19
2;47490;30.38;28.38;30.09
2;47515;30.38;28.38;30.09
2;47540;30.38;28.38;30.09
2;47585;30.38;28.48;30.09
2;47610;30.47;28.48;30.09
2;47635;30.47;28.48;30.09
2;47660;30.47;28.48;30.19
2;47685;30.47;28.48;30.19
2;47729;30.47;28.48;30.19
2;47773;30.47;28.48;30.19
2;47799;30.47;28.48;30.19
2;47841;30.47;28.48;30.19
2;47886;30.47;28.57;30.19
2;47911;30.47;28.48;30.19
2;47936;30.47;28.57;30.19
2;47961;30.47;28.57;30.19
2;47986;30.47;28.57;30.09
2;48031;30.47;28.57;30.09
2;48056;30.47;28.57;30.09
2;48081;30.47;28.57;30.09
2;48124;30.47;28.57;30.19
2;48155;30.47;28.57;30.19
2;48191;30.47;28.57;30.19
2;48216;30.47;28.57;30.19
2;48241;30.47;28.57;30.19
2;48266;30.47;28.57;30.19
2;48309;30.57;28.66;30.19
2;48334;30.57;28.66;30.28
2;48365;30.57;28.66;30.28
2;48453;30.57;28.66;30.28
2;48478;30.57;28.66;30.28
2;48522;30.57;28.66;30.28
2;48565;30.57;28.66;30.28
2;48590;30.67;28.66;30.28
2;48633;30.67;28.66;30.28
2;48676;30.67;28.66;30.28
2;48702;30.67;28.66;30.28
2;48745;30.67;28.66;30.28
2;48770;30.76;28.66;30.28
2;48795;30.76;28.66;30.28
2;48820;30.76;28.66;30.28
2;48845;30.76;28.66;30.28
2;48870;30.76;28.66;30.28
2;48896;30.76;28.66;30.28
2;48921;30.76;28.66;30.28
2;48946;30.76;28.66;30.28
2;48971;30.76;28.66;30.28
2;48996;30.76;28.66;30.28
2;49022;30.76;28.66;30.28
2;49047;30.76;28.66;30.28
2;49072;30.76;28.66;30.28
2;49097;30.86;28.66;30.28
2;49122;30.86;28.76;30.28
2;49148;30.86;28.76;30.28
2;49173;30.86;28.76;30.28
2;49198;30.86;28.76;30.28
2;49223;30.86;28.76;30.28
2;49248;30.86;28.76;30.28
2;49290;30.86;28.76;30.28
2;49333;30.86;28.76;30.28
2;49358;30.86;28.76;30.28
2;49383;30.86;28.76;30.28
2;49408;30.86;28.76;30.28
2;49450;30.86;28.76;30.28
2;49475;30.86;28.76;30.28
2;49500;30.86;28.76;30.28
2;49526;30.86;28.76;30.28
2;49551;30.95;28.76;30.28
2;49576;30.95;28.76;30.28
2;49601;30.95;28.85;30.38
2;49626;30.95;28.85;30.38
2;49652;30.95;28.85;30.38
2;49677;30.95;28.85;30.38
2;49702;30.95;28.85;30.38
2;49727;30.95;28.85;30.47
2;49770;30.95;28.85;30.47
2;49815;30.95;28.85;30.47
2;49841;31.05;28.85;30.47
2;49866;31.05;28.85;30.47
2;49925;31.05;28.85;30.47
2;49951;31.05;28.85;30.47
2;49976;31.05;28.85;30.47
2;50021;31.05;28.85;30.47
2;50046;31.05;28.85;30.47
2;50071;31.05;28.95;30.47
2;50096;31.05;28.95;30.47
2;50121;31.15;28.95;30.47
2;50147;31.15;28.95;30.47
2;50207;31.15;28.95;30.47
2;50232;31.15;28.85;30.47
2;50257;31.15;28.95;30.47
2;50300;31.15;28.95;30.57
2;50325;31.15;28.95;30.47
2;50350;31.15;28.95;30.47
2;50376;31.15;28.95;30.47
2;50401;31.15;28.95;30.47
2;50426;31.15;28.95;30.47
2;50451;31.15;28.95;30.47
2;50476;31.15;29.04;30.47
2;50502;31.15;28.95;30.47
2;50527;31.15;29.04;30.47
2;50569;31.15;29.04;30.47
2;50594;31.15;29.04;30.47
2;50619;31.15;29.04;30.57
2;50645;31.15;29.04;30.57
2;50670;31.15;28.95;30.57
2;50695;31.15;29.04;30.57
2;50721;31.15;29.04;30.57
2;50746;31.15;29.04;30.57
2;50771;31.15;29.04;30.57
2;50796;31.15;29.04;30.57
2;50821;31.15;29.04;30.57
2;50847;31.15;29.04;30.47
2;50872;31.15;29.04;30.47
2;50897;31.15;29.14;30.57
2;50922;31.15;29.14;30.47
2;50947;31.15;29.14;30.57
2;50973;31.15;29.14;30.57
2;50998;31.15;29.04;30.47
2;51042;31.15;29.04;30.47
2;51067;31.15;29.14;30.47
2;51092;31.15;29.14;30.47
2;51117;31.15;29.14;30.47
2;51143;31.15;29.14;30.47
2;51168;31.15;29.14;30.47
2;51193;31.15;29.14;30.47
2;51218;31.15;29.14;30.47
2;51243;31.15;29.14;30.47
2;51268;31.15;29.14;30.47
2;51293;31.15;29.14;30.47
2;51318;31.15;29.14;30.47
2;51343;31.15;29.14;30.47
2;51369;31.25;29.14;30.47
2;51394;31.25;29.14;30.47
2;51437;31.25;29.14;30.47
2;51462;31.15;29.14;30.47
2;51487;31.25;29.14;30.57
2;51513;31.25;29.14;30.47
2;51538;31.25;29.14;30.57
2;51563;31.25;29.14;30.57
2;51588;31.25;29.14;30.57
2;51634;31.25;29.14;30.47
2;51659;31.15;29.14;30.57
2;51704;31.15;29.23;30.57
2;51746;31.25;29.23;30.57
2;51790;31.25;29.23;30.47
2;51816;31.25;29.23;30.57
2;51841;31.25;29.23;30.57
2;51866;31.25;29.23;30.47
2;51910;31.25;29.23;30.47
2;51935;31.25;29.23;30.47
2;51977;31.25;29.23;30.47
2;52021;31.25;29.23;30.47
2;52046;31.25;29.23;30.47
2;52090;31.25;29.23;30.47
2;52115;31.25;29.23;30.47
2;52159;31.25;29.23;30.47
2;52184;31.25;29.23;30.47
2;52209;31.25;29.23;30.47
2;52234;31.25;29.23;30.47
2;52260;31.25;29.33;30.57
2;52285;31.25;29.23;30.47
2;52310;31.25;29.23;30.47
2;52335;31.25;29.33;30.47
2;52360;31.25;29.33;30.57
2;52385;31.25;29.33;30.57
2;52410;31.25;29.23;30.57
2;52436;31.25;29.33;30.57
2;52480;31.25;29.33;30.47
2;52505;31.25;29.33;30.47
2;52561;31.25;29.33;30.47
2;52598;31.25;29.33;30.47
2;52623;31.25;29.33;30.47
2;52648;31.34;29.33;30.57
2;52693;31.34;29.33;30.47
2;52718;31.34;29.33;30.57
2;52743;31.25;29.33;30.47
2;52768;31.34;29.33;30.47
2;52794;31.34;29.33;30.57
2;52819;31.34;29.33;30.47
2;52844;31.34;29.33;30.57
2;52869;31.34;29.33;30.57
2;52894;31.34;29.33;30.57
2;52919;31.44;29.33;30.57
2;52945;31.34;29.33;30.57
2;52970;31.44;29.33;30.57
2;53012;31.44;29.33;30.57
2;53057;31.44;29.33;30.57
2;54265;31.25;29.52;30.67
2;54309;31.15;29.52;30.67
2;54352;31.15;29.52;30.67
2;54394;31.15;29.52;30.67
2;54438;31.15;29.52;30.67
2;54482;31.15;29.52;30.67
2;54507;31.25;29.52;30.67
2;54532;31.15;29.52;30.67
2;54576;31.15;29.52;30.67
2;54620;31.15;29.52;30.67
2;54645;31.25;29.52;30.67
2;54670;31.25;29.52;30.67
2;54695;31.25;29.52;30.67
2;54720;31.25;29.52;30.67
2;54746;31.25;29.52;30.67
2;54771;31.34;29.52;30.67
2;54796;31.34;29.52;30.57
2;54821;31.44;29.52;30.57
2;54846;31.44;29.52;30.57
2;54872;31.44;29.52;30.57
2;54897;31.44;29.52;30.57
2;54922;31.44;29.52;30.57
2;54966;31.44;29.52;30.57
2;54991;31.54;29.52;30.57
2;55016;31.54;29.52;30.57
2;55041;31.54;29.52;30.57
2;55066;31.54;29.52;30.57
2;55091;31.54;29.52;30.57
2;55117;31.54;29.52;30.57
2;55142;31.54;29.52;30.57
2;55167;31.54;29.52;30.57
2;55192;31.54;29.52;30.57
2;55217;31.54;29.52;30.57
2;55242;31.54;29.52;30.57
2;55267;31.44;29.52;30.57
2;55293;31.44;29.52;30.57
2;55318;31.44;29.52;30.57
2;55343;31.44;29.52;30.57
2;55368;31.44;29.52;30.57
2;55393;31.34;29.52;30.67
2;55419;31.34;29.52;30.67
2;55444;31.34;29.52;30.67
2;55469;31.34;29.52;30.67
2;55494;31.34;29.52;30.67
2;55519;31.25;29.52;30.67
2;55544;31.25;29.52;30.67
2;55570;31.25;29.52;30.57
2;55595;31.25;29.52;30.67
2;55620;31.25;29.52;30.57
2;55645;31.25;29.52;30.67
2;55670;31.25;29.52;30.67
2;55695;31.25;29.52;30.67
2;55720;31.25;29.52;30.67
2;55746;31.25;29.52;30.67
2;55771;31.25;29.52;30.67
2;55796;31.15;29.52;30.67
2;55821;31.15;29.52;30.67
2;55846;31.15;29.52;30.67
2;55872;31.15;29.52;30.67
2;55897;31.25;29.52;30.67
2;55922;31.25;29.52;30.67
2;55947;31.25;29.52;30.67
2;55972;31.25;29.52;30.67
2;55998;31.25;29.52;30.67
2;56023;31.25;29.52;30.67
2;56048;31.25;29.52;30.57
2;56073;31.25;29.52;30.67
2;56098;31.25;29.52;30.57
2;56123;31.25;29.52;30.57
2;56149;31.25;29.52;30.57
2;56174;31.25;29.52;30.57
2;56199;31.25;29.52;30.57
2;56224;31.34;29.52;30.57
2;56249;31.25;29.52;30.57
2;56274;31.34;29.52;30.57
2;56300;31.34;29.52;30.67
2;56325;31.34;29.52;30.67
2;56350;31.34;29.52;30.67
2;56375;31.34;29.52;30.67
2;56400;31.34;29.52;30.67
2;56426;31.34;29.52;30.67
2;56451;31.34;29.52;30.67
2;56476;31.25;29.52;30.67
2;56501;31.34;29.52;30.67
2;56526;31.34;29.52;30.67
2;56551;31.34;29.52;30.67
2;56577;31.25;29.52;30.67
2;56602;31.34;29.52;30.67
2;56627;31.34;29.52;30.67
2;56652;31.34;29.52;30.67
2;56677;31.25;29.52;30.67
2;56702;31.25;29.52;30.67
2;56728;31.25;29.52;30.67
2;56753;31.25;29.52;30.67
2;56778;31.25;29.52;30.67
2;56803;31.25;29.52;30.67
2;56828;31.25;29.52;30.67
2;56853;31.34;29.52;30.76
2;56878;31.34;29.52;30.76
2;56904;31.25;29.52;30.76
2;56929;31.34;29.52;30.76
2;56954;31.34;29.52;30.76
2;56979;31.34;29.52;30.76
2;57004;31.34;29.52;30.76
2;57030;31.25;29.52;30.86
2;57055;31.25;29.52;30.86
2;57080;31.25;29.52;30.86
2;57105;31.25;29.52;30.86
2;57130;31.25;29.52;30.86
2;57155;31.25;29.52;30.86
2;57181;31.25;29.52;30.86
2;57206;31.25;29.52;30.86
2;57231;31.25;29.52;30.86
2;57256;31.25;29.52;30.86
2;57281;31.25;29.52;30.86
2;57306;31.25;29.52;30.86
2;57332;31.25;29.52;30.86
2;57357;31.25;29.52;30.86
2;57382;31.25;29.52;30.86
2;57407;31.25;29.52;30.86
2;57432;31.25;29.52;30.86
2;57457;31.25;29.52;30.86
2;57483;31.25;29.52;30.86
2;57508;31.25;29.52;30.86
2;57533;31.25;29.52;30.86
2;57558;31.25;29.52;30.86
2;57583;31.25;29.52;30.86
2;57609;31.25;29.52;30.76
2;57634;31.25;29.52;30.76
2;57659;31.25;29.52;30.76
2;57684;31.25;29.52;30.76
2;57709;31.25;29.52;30.76
2;57735;31.25;29.52;30.76
2;57760;31.34;29.52;30.76
2;57785;31.44;29.52;30.76
2;57810;31.44;29.52;30.67
2;57835;31.63;29.52;30.67
2;57860;31.73;29.52;30.67
2;57885;31.93;29.52;30.67
2;57910;31.93;29.52;30.67
2;57936;32.22;29.52;30.67
2;57961;32.32;29.52;30.67
2;57986;32.52;29.52;30.67
2;58011;32.81;29.52;30.67
2;58036;32.91;29.52;30.67
2;58062;33.11;29.52;30.67
2;58087;33.21;29.52;30.67
2;58112;33.41;29.52;30.67
2;58137;33.61;29.52;30.67
2;58162;33.71;29.52;30.67
2;58188;33.91;29.52;30.67
2;58213;34.11;29.52;30.67
2;58238;34.31;29.52;30.67
2;58263;34.31;29.52;30.67
2;58288;34.51;29.52;30.67
2;58314;34.72;29.52;30.67
2;58339;34.82;29.52;30.57
2;58364;35.02;29.52;30.57
2;58389;35.12;29.52;30.57
2;58414;35.22;29.52;30.57
2;58439;35.43;29.52;30.57
2;58464;35.53;29.52;30.57
2;58489;35.64;29.52;30.57
2;58514;35.74;29.52;30.57
2;58540;35.94;29.52;30.57
2;58565;36.05;29.52;30.57
2;58590;36.05;29.52;30.57
2;58615;36.15;29.52;30.47
2;58640;36.36;29.52;30.47
2;58666;36.46;29.52;30.47
2;58691;36.46;29.52;30.47
2;58716;36.46;29.52;30.47
2;58741;36.57;29.52;30.47
2;58766;36.67;29.52;30.47
2;58792;36.78;29.52;30.47
2;58817;36.78;29.52;30.38
2;58842;36.88;29.42;30.47
2;58867;36.88;29.52;30.38
2;58892;36.99;29.52;30.47
2;58917;37.09;29.52;30.38
2;58943;37.2;29.52;30.38
2;58968;37.2;29.52;30.38
2;58993;37.2;29.52;30.38
2;59018;37.2;29.52;30.38
2;59043;37.3;29.52;30.38
2;59069;37.3;29.52;30.38
2;59094;37.3;29.52;30.38
2;59119;37.3;29.52;30.38
2;59144;37.3;29.52;30.38
2;59169;37.41;29.52;30.38
2;59194;37.41;29.52;30.38
2;59237;37.41;29.52;30.28
2;59262;37.51;29.52;30.28
2;59287;37.62;29.52;30.28
2;59312;37.62;29.52;30.28
2;59338;37.62;29.52;30.28
2;59363;37.62;29.52;30.28
2;59388;37.62;29.52;30.28
2;59413;37.62;29.42;30.28
2;59438;37.62;29.42;30.28
2;59463;37.62;29.42;30.28
2;59488;37.62;29.42;30.28
2;59513;37.62;29.42;30.28
2;59539;37.62;29.42;30.28
2;59564;37.62;29.42;30.28
2;59589;37.62;29.42;30.28
2;59614;37.62;29.42;30.28
2;59639;37.62;29.42;30.28
2;59664;37.62;29.42;30.28
2;59689;37.62;29.42;30.28
2;59714;37.62;29.42;30.28
2;59739;37.62;29.42;30.28
2;59765;37.62;29.42;30.28
2;59790;37.62;29.42;30.28
2;59815;37.62;29.42;30.19
2;59840;37.62;29.42;30.19
2;59865;37.62;29.42;30.19
2;59890;37.62;29.42;30.19
2;59916;37.62;29.42;30.19
2;59941;37.62;29.42;30.19
2;59966;37.62;29.33;30.19
2;59991;37.62;29.33;30.19
2;60016;37.62;29.33;30.09
2;60042;37.51;29.33;30.09
2;60067;37.51;29.33;30.09
2;60092;37.62;29.33;30.09
2;60117;37.51;29.33;30.09
2;60142;37.62;29.33;30.09
2;60167;37.51;29.33;30.09
2;60192;37.51;29.33;30.09
2;60218;37.41;29.33;30.09
2;60243;37.41;29.33;30.09
2;60268;37.41;29.33;30.09
2;60293;37.41;29.33;30.09
2;60318;37.41;29.33;30.09
2;60343;37.3;29.33;30.09
2;60369;37.3;29.33;30.09
2;60394;37.3;29.33;29.99
2;60419;37.3;29.33;30.09
2;60444;37.3;29.33;29.99
2;60469;37.2;29.33;29.99
2;60494;37.2;29.33;29.99
2;60520;37.2;29.33;29.99
2;60545;37.09;29.33;29.99
2;60570;36.99;29.33;29.99
2;60595;36.78;29.33;29.99
2;60620;36.78;29.33;29.99
2;60645;36.46;29.33;29.99
2;60670;36.26;29.23;29.9
2;60696;36.05;29.23;29.9
2;60746;35.53;29.23;29.9
2;60771;35.22;29.23;29.9
2;60796;35.02;29.23;29.8
2;60821;34.82;29.23;29.8
2;60847;34.61;29.23;29.8
2;60872;34.31;29.23;29.8
2;60897;34.11;29.23;29.8
2;60922;33.91;29.23;29.8
2;60947;33.71;29.23;29.8
2;60973;33.51;29.14;29.8
2;60998;33.31;29.14;29.8
2;61023;33.11;29.14;29.8
2;61048;33.01;29.14;29.8
2;61073;32.81;29.14;29.8
2;61099;32.71;29.14;29.8
2;61124;32.52;29.14;29.8
2;61149;32.42;29.14;29.8
2;61174;32.22;29.14;29.71
2;61199;32.12;29.14;29.71
2;61224;31.93;29.04;29.71
2;61249;31.83;29.04;29.71
2;61295;31.63;29.14;29.71
2;61320;31.54;29.14;29.61
2;61345;31.44;29.14;29.71
2;61370;31.34;29.14;29.71
2;61396;31.25;29.14;29.61
2;61421;31.15;29.14;29.61
2;61446;31.05;29.14;29.61
2;61471;31.05;29.14;29.61
2;61496;30.95;29.14;29.61
2;61521;30.86;29.14;29.61
2;61546;30.86;29.14;29.52
2;61571;30.76;29.14;29.61
2;61597;30.76;29.04;29.61
2;61622;30.67;29.04;29.61
2;61647;30.67;29.04;29.52
2;61672;30.57;29.04;29.61
2;61697;30.47;29.04;29.52
2;61722;30.38;29.04;29.52
2;61747;30.38;29.04;29.52
2;61773;30.38;29.04;29.52
2;61798;30.28;29.04;29.52
2;61823;30.19;29.04;29.52
2;61848;30.09;29.04;29.52
2;61873;30.09;28.95;29.52
2;61898;30.09;29.04;29.52
2;61923;29.99;28.95;29.52
2;61948;29.99;29.04;29.52
2;61973;29.9;29.04;29.52
2;61998;29.9;29.04;29.52
2;62024;29.9;28.95;29.52
2;62049;29.8;28.95;29.52
2;62074;29.71;28.95;29.52
2;62099;29.71;28.95;29.52
2;62124;29.71;28.95;29.52
2;62149;29.71;28.95;29.52
2;62174;29.71;28.85;29.52
2;62200;29.61;28.85;29.52
2;62225;29.61;28.85;29.52
2;62250;29.61;28.85;29.52
2;62275;29.52;28.85;29.42
2;62300;29.52;28.85;29.52
2;62326;29.52;28.85;29.42
2;62351;29.42;28.85;29.42
2;62376;29.42;28.85;29.42
2;62401;29.42;28.76;29.42
2;62426;29.42;28.85;29.33
2;62451;29.42;28.85;29.42
2;62476;29.42;28.85;29.33
2;62502;29.33;28.85;29.33
2;62527;29.33;28.85;29.33
2;62552;29.23;28.85;29.33
2;62577;29.23;28.85;29.33
2;62602;29.23;28.76;29.33
2;62644;29.23;28.76;29.23
2;62670;29.23;28.76;29.23
2;62695;29.23;28.76;29.23
2;62720;29.23;28.76;29.23
2;62745;29.23;28.76;29.23
2;62770;29.23;28.76;29.23
2;62796;29.23;28.76;29.23
2;62821;29.23;28.76;29.14
2;62846;29.23;28.76;29.14
2;62871;29.23;28.66;29.14
2;62896;29.14;28.76;29.14
2;62922;29.14;28.76;29.14
2;62947;29.14;28.66;29.14
2;62972;29.14;28.76;29.14
2;62997;29.14;28.66;29.14
2;63022;29.14;28.66;29.14
2;63047;29.14;28.66;29.14
2;63072;29.14;28.66;29.14
2;63098;29.04;28.66;29.14
2;63123;29.14;28.66;29.14
2;63148;29.04;28.66;29.14
2;63173;29.04;28.66;29.04
2;63198;29.04;28.66;29.04
2;63223;29.04;28.66;29.04
2;63248;29.04;28.66;29.04
2;63273;29.04;28.66;29.04
2;63298;28.95;28.66;29.04
2;63323;28.95;28.66;29.04
2;63349;28.95;28.66;29.04
2;63374;28.95;28.66;29.04
2;63399;28.95;28.57;29.04
2;63424;28.95;28.66;28.95
2;63449;28.95;28.66;28.95
2;63475;28.95;28.66;28.95
2;63500;28.95;28.66;28.95
2;63525;28.95;28.66;28.95
2;63550;29.04;28.66;28.95
2;63575;28.95;28.66;28.95
2;63600;29.04;28.57;28.95
2;63625;29.04;28.66;28.95
2;63650;29.04;28.66;28.95
2;63676;29.04;28.66;28.95
2;63701;29.04;28.66;28.95
2;63726;29.14;28.66;28.85
2;63751;29.14;28.66;28.85
2;63776;29.14;28.66;28.85
2;63801;29.14;28.66;28.85
2;63827;29.14;28.66;28.85
2;63852;29.14;28.57;28.85
2;63877;29.14;28.66;28.85
2;63902;29.14;28.66;28.85
2;63927;29.14;28.57;28.85
2;63952;29.14;28.57;28.85
2;63978;29.14;28.66;28.85
2;64003;29.23;28.57;28.85
2;64028;29.23;28.57;28.85
2;64053;29.23;28.57;28.85
2;64078;29.23;28.57;28.85
2;64103;29.23;28.57;28.85
2;64128;29.23;28.57;28.85
2;64153;29.23;28.57;28.85
2;64178;29.23;28.57;28.76
2;64204;29.23;28.57;28.85
2;64229;29.23;28.57;28.85
2;64254;29.23;28.57;28.85
2;64279;29.23;28.57;28.85
2;64304;29.23;28.57;28.85
2;64330;29.23;28.57;28.85
2;64355;29.23;28.57;28.76
2;64380;29.23;28.57;28.76
2;64405;29.23;28.57;28.85
2;64430;29.23;28.57;28.76
2;64455;29.23;28.57;28.76
2;64481;29.23;28.57;28.76
2;64506;29.23;28.57;28.76
2;64531;29.23;28.57;28.76
2;64556;29.23;28.57;28.76
2;64581;29.14;28.57;28.76
2;64607;29.14;28.57;28.76
2;64631;29.14;28.48;28.76
2;64657;29.14;28.57;28.76
2;64682;29.14;28.48;28.76
2;64707;29.14;28.48;28.66
2;64749;29.14;28.48;28.66
2;64774;29.14;28.48;28.66
2;64800;29.14;28.48;28.66
2;64825;29.14;28.48;28.66
2;64850;29.14;28.48;28.66
2;64875;29.14;28.48;28.66
2;64900;29.14;28.48;28.66
2;64925;29.14;28.48;28.66
2;64951;29.14;28.38;28.66
2;64976;29.04;28.48;28.66
2;65001;29.14;28.38;28.66
2;65026;29.04;28.38;28.66
2;65051;29.14;28.38;28.66
2;65076;29.14;28.38;28.66
2;65102;29.14;28.38;28.66
2;65127;29.14;28.38;28.66
2;65152;29.04;28.38;28.66
2;65177;29.04;28.38;28.66
2;65202;29.04;28.38;28.66
2;65227;29.04;28.38;28.66
2;65253;29.04;28.38;28.66
2;65278;29.14;28.38;28.66
2;65303;29.04;28.38;28.66
2;65328;29.14;28.38;28.66
2;65353;29.04;28.38;28.66
2;65378;29.04;28.38;28.66
2;65403;29.04;28.38;28.66
2;65429;29.04;28.38;28.66
2;65454;29.04;28.38;28.66
2;65479;28.95;28.38;28.66
2;65504;29.04;28.38;28.66
2;65529;28.95;28.29;28.57
2;65555;29.04;28.29;28.57
2;65580;28.95;28.29;28.66
2;65605;28.95;28.29;28.57
2;65630;28.95;28.29;28.57
2;65655;28.95;28.29;28.57
2;65680;28.95;28.29;28.57
2;65706;28.95;28.29;28.57
2;65731;28.95;28.29;28.57
2;65756;28.95;28.29;28.57
2;65781;28.95;28.29;28.57
2;65806;28.95;28.29;28.57
2;65832;28.85;28.29;28.57
2;65857;28.85;28.29;28.57
2;65882;28.85;28.29;28.57
2;65907;28.85;28.29;28.57
2;65932;28.85;28.29;28.57
2;65958;28.85;28.29;28.57
2;65983;28.85;28.29;28.57
2;66025;28.85;28.29;28.57
2;66050;28.85;28.29;28.57
2;66076;28.85;28.29;28.57
2;66101;28.85;28.29;28.57
2;66126;28.85;28.29;28.57
2;66151;28.85;28.29;28.57
2;66176;28.85;28.29;28.57
2;66202;28.85;28.29;28.57
2;66227;28.85;28.29;28.57
2;66252;28.85;28.29;28.57
2;66277;28.85;28.29;28.57
2;66302;28.85;28.29;28.57
2;66327;28.85;28.29;28.57
2;66353;28.85;28.29;28.57
2;66378;28.85;28.29;28.57
2;66403;28.85;28.29;28.57
2;66428;28.85;28.29;28.57
2;66453;28.85;28.29;28.57
2;66478;28.85;28.29;28.57
2;66503;28.85;28.29;28.57
2;66528;28.85;28.29;28.57
2;66553;28.85;28.29;28.57
2;66579;28.85;28.29;28.57
2;66604;28.85;28.29;28.57
2;66629;28.85;28.29;28.57
2;66654;28.85;28.19;28.57
2;66679;28.85;28.29;28.66
2;66704;28.85;28.29;28.66
2;66730;28.85;28.29;28.66
2;66755;28.85;28.29;28.66
2;66780;28.85;28.29;28.66
2;66805;28.85;28.29;28.66
2;66830;28.85;28.29;28.66
2;66855;28.85;28.29;28.66
2;66881;28.85;28.29;28.66
2;66906;28.85;28.19;28.66
2;66931;28.85;28.29;28.66
2;66956;28.85;28.29;28.66
2;66981;28.85;28.29;28.66
2;67006;28.85;28.29;28.57
2;67032;28.85;28.29;28.57
2;67057;28.85;28.29;28.57
2;67082;28.85;28.29;28.57
2;67107;28.85;28.29;28.57
2;67132;28.85;28.29;28.57
2;67157;28.85;28.29;28.57
2;67183;28.85;28.29;28.66
2;67208;28.85;28.29;28.66
2;67233;28.85;28.29;28.57
2;67258;28.85;28.29;28.66
2;67283;28.85;28.29;28.66
2;67308;28.85;28.19;28.66
2;67334;28.85;28.29;28.66
2;67359;28.85;28.19;28.66
2;67384;28.85;28.19;28.66
2;67409;28.85;28.19;28.66
2;67434;28.85;28.19;28.66
2;67477;28.95;28.19;28.66
2;67502;28.85;28.19;28.66
2;67527;28.85;28.19;28.66
2;67552;28.95;28.19;28.66
2;67577;28.95;28.19;28.66
2;67602;28.95;28.19;28.66
2;67628;28.95;28.19;28.66
2;67653;28.95;28.19;28.66
2;67678;28.95;28.19;28.66
2;67703;28.95;28.19;28.66
2;67728;28.95;28.19;28.66
2;67753;28.95;28.19;28.66
2;67778;28.95;28.19;28.66
2;67803;28.95;28.19;28.66
2;67829;28.95;28.19;28.66
2;67854;28.95;28.19;28.66
2;67879;28.95;28.19;28.66
2;67904;28.95;28.19;28.66
2;67929;29.04;28.19;28.66
2;67955;29.04;28.19;28.66
2;67980;28.95;28.19;28.66
2;68005;28.95;28.19;28.66
2;68030;29.04;28.19;28.66
2;68055;29.04;28.1;28.66
2;68081;29.04;28.19;28.66
2;68106;29.04;28.19;28.76
2;68131;29.04;28.19;28.66
2;68156;29.04;28.19;28.66
2;68181;29.04;28.19;28.76
2;68207;29.14;28.19;28.76
2;68232;29.04;28.19;28.76
2;68257;29.04;28.1;28.76
2;68282;29.14;28.1;28.76
2;68307;29.14;28.19;28.76
2;68332;29.04;28.1;28.76
2;68358;29.14;28.19;28.76
2;68383;29.14;28.19;28.76
2;68408;29.14;28.1;28.76
2;68433;29.04;28.1;28.76
2;68458;29.14;28.1;28.85
2;68484;29.14;28.1;28.85
2;68509;29.14;28.1;28.85
2;68534;29.14;28.1;28.85
2;68559;29.14;28.1;28.85
2;68584;29.14;28.1;28.85
2;68610;29.14;28.1;28.85
2;68635;29.23;28.1;28.85
2;68660;29.23;28.1;28.85
2;68685;29.23;28.1;28.85
2;68710;29.23;28.1;28.85
2;68736;29.23;28.1;28.85
2;68761;29.23;28.1;28.85
2;68786;29.23;28.1;28.85
2;68811;29.23;28.1;28.85
2;68836;29.23;28.1;28.85
2;68862;29.33;28.1;28.85
2;68887;29.33;28.1;28.85
2;68912;29.42;28.1;28.85
